BC	Epoch1	Epoch2	Epoch3	Epoch4	Epoch5	Epoch6	Epoch7	Epoch8	Epoch9	Epoch10
TCATCCGTAGGAACGT	0.0	0.0	0.0	0.0	0.0	0.0	0.015605522323037704	0.004109057785465017	0.02710198686061039	0.0	0.0	0.0	0.0	0.0	0.0	0.0	0.0	0.0	0.0	0.0	0.0	0.0	0.0	0.0	0.0	0.0	0.0	0.0	0.0	0.0
ATAGAATGGCTAAAAA	0.0	0.0	0.0	0.0	0.0	0.0	0.0	0.0	0.0	0.015300869276913117	0.004054429183481286	0.026547309370344947	0.010703573818487674	0.004785024797664976	0.016622122839310374	0.0	0.0	0.0	0.0	0.0	0.0	0.0	0.0	0.0	0.0	0.0	0.0	0.0	0.0	0.0
TCTAAGCGTATTGGTC	0.0	0.0	0.0	0.0	0.0	0.0	0.01782070357598072	0.015097465952071596	0.020543941199889847	0.010062322485746279	0.008644440578411286	0.011480204393081271	0.010517593970334851	0.009501397855222901	0.011533790085446801	0.005469306087236283	0.004270105206618216	0.006668506967854349	0.0105	0.0105	0.0105	0.0	0.0	0.0	0.015000000000000001	0.015000000000000001	0.015000000000000001	0.0	0.0	0.0
GCATAGGGGGGAGCAC	0.0	0.0	0.0	0.0	0.0	0.0	0.012909488296181349	0.004058070915730641	0.021760905676632056	0.0	0.0	0.0	0.0	0.0	0.0	0.0	0.0	0.0	0.0	0.0	0.0	0.0	0.0	0.0	0.0	0.0	0.0	0.0	0.0	0.0
CCTGGAGCAGTCTAAT	0.0	0.0	0.0	0.0	0.0	0.0	0.007903675620209055	0.0028745005229403433	0.012932850717477767	0.010591824811371293	0.007508719028190668	0.013674930594551916	0.0	0.0	0.0	0.005087174502998481	0.003624384977324886	0.006549964028672077	-0.007600816498929366	-0.009278767251386821	-0.005922865746471911	-0.0023914394328318576	-0.005373848400170608	0.000590969534506893	-0.01123118770121033	-0.01861314715033491	-0.0038492282520857487	0.0	0.0	0.0
TAGTGACTTAGACCTG	0.0	0.0	0.0	0.0	0.0	0.0	0.020713388162734443	0.014787274719300376	0.02663950160616851	0.017442452030458664	0.01570812459684071	0.01917677946407662	0.012	0.012	0.012	0.007000000000000001	0.007000000000000001	0.007000000000000001	0.0045000000000000005	0.0045000000000000005	0.0045000000000000005	0.0	0.0	0.0	-0.003128381440181055	-0.004808946984490381	-0.0014478158958717295	0.0	0.0	0.0
ATCGTTGAATACACGC	0.0	0.0	0.0	0.0	0.0	0.0	0.0	0.0	0.0	0.016892063396171036	0.012904075722210522	0.02088005107013155	0.00797325825405899	0.0060386426765508695	0.00990787383156711	0.0037046091303106037	0.0012143172858550635	0.006194900974766144	0.0	0.0	0.0	0.0	0.0	0.0	0.0	0.0	0.0	0.0	0.0	0.0
GCCGGCCCTATACGAA	0.0	0.0	0.0	0.0	0.0	0.0	0.015070823881186218	0.00905388804098553	0.021087759721386906	0.0	0.0	0.0	0.0	0.0	0.0	0.0	0.0	0.0	0.0	0.0	0.0	0.0	0.0	0.0	0.0	0.0	0.0	0.0	0.0	0.0
TACCTAGTTTACAGAC	0.0	0.0	0.0	0.0	0.0	0.0	0.0	0.0	0.0	0.008023544250365892	0.0037610925770972395	0.012285995923634545	0.0	0.0	0.0	-0.0038112379109355	-0.007791807153144788	0.0001693313312737879	-0.010472510724879808	-0.01612002315273032	-0.004824998297029298	-0.017341066536486614	-0.02692675875356329	-0.00775537431940994	0.0	0.0	0.0	0.0	0.0	0.0
GCCGTGCCAAAGTAGG	0.0	0.0	0.0	0.0	0.0	0.0	0.0	0.0	0.0	0.013456142423674456	0.00416251896207997	0.02274976588526894	0.0	0.0	0.0	0.0	0.0	0.0	0.0	0.0	0.0	0.0	0.0	0.0	0.0	0.0	0.0	0.0	0.0	0.0
GGTGGCCTCATAGTAC	0.0	0.0	0.0	0.0	0.0	0.0	0.010905544000724918	0.006899638760264907	0.01491144924118493	0.005789953762774247	0.0031618920493356826	0.008418015476212811	-0.002839957868573901	-0.005946600688922983	0.00026668495177518134	0.0	0.0	0.0	0.0	0.0	0.0	0.0	0.0	0.0	0.0	0.0	0.0	0.0	0.0	0.0
AGGGCGTCTCCAGAAT	0.0	0.0	0.0	0.0	0.0	0.0	0.007645128029933926	0.002707946785866548	0.012582309274001304	0.008581213677572046	0.0059795580962170225	0.011182869258927069	0.0	0.0	0.0	-0.0062655281865055	-0.009722826236007585	-0.002808230137003414	-0.007706985133047817	-0.01527794258349174	-0.00013602768260389305	0.0	0.0	0.0	0.0	0.0	0.0	0.0	0.0	0.0
AATAGTTCTGGGGACC	0.0	0.0	0.0	0.0	0.0	0.0	0.012240719495885673	0.006065424302515042	0.018416014689256306	0.0	0.0	0.0	0.0	0.0	0.0	-0.004465776208340719	-0.009407741269146907	0.0004761888524654678	-0.007197756970320121	-0.01608060020909696	0.0016850862684567175	0.0	0.0	0.0	0.0	0.0	0.0	0.0	0.0	0.0
AGACCTATATCGCAAT	0.0	0.0	0.0	0.0	0.0	0.0	0.0	0.0	0.0	0.008180739559774011	0.0021853497843425983	0.014176129335205425	-0.0062962127059631254	-0.013271066303580652	0.0006786408916544017	0.0	0.0	0.0	0.0	0.0	0.0	0.0	0.0	0.0	0.0	0.0	0.0	0.0	0.0	0.0
GGGGAAGTGTCCGGCA	0.0	0.0	0.0	0.0	0.0	0.0	0.0	0.0	0.0	0.007140844160747728	0.001984678915062592	0.012297009406432864	-0.004473034485249396	-0.009870443302342817	0.0009243743318440257	0.0	0.0	0.0	0.0	0.0	0.0	0.0	0.0	0.0	0.0	0.0	0.0	0.0	0.0	0.0
GCATCGTACACCGGAT	0.0	0.0	0.0	0.0	0.0	0.0	0.013670517893956059	0.008322755613394812	0.019018280174517305	0.006463132154252286	0.004500156860497802	0.00842610744800677	0.004123036342805124	0.003010729280744657	0.005235343404865591	0.0	0.0	0.0	0.006	0.006	0.006	-0.0040000000000000036	-0.0040000000000000036	-0.0040000000000000036	0.006	0.006	0.006	0.0	0.0	0.0
CATCCGTTCCTGTAGA	0.0	0.0	0.0	0.0	0.0	0.0	0.011647597709287003	0.006511811635412209	0.016783383783161798	0.011086847471187482	0.008626387038277106	0.013547307904097857	-0.0017586768644709595	-0.003658948312070997	0.00014159458312907832	0.0	0.0	0.0	-0.001254101517642919	-0.004483421607346187	0.0019752185720603487	-0.00933363064799343	-0.01529326866416942	-0.0033739926318174423	0.0	0.0	0.0	0.0	0.0	0.0
ACTGTACCTGCGGGTT	0.0	0.0	0.0	0.0	0.0	0.0	0.013536576824644162	0.00941728812532131	0.017655865523967015	0.009130238683637468	0.006457426065015864	0.011803051302259074	0.0	0.0	0.0	-0.003382641732176185	-0.0073167040429360525	0.0005514205785836826	0.0	0.0	0.0	0.0	0.0	0.0	0.0	0.0	0.0	0.0	0.0	0.0
TGCTCCACACGAGTCC	0.0	0.0	0.0	0.0	0.0	0.0	0.012003119491991005	0.007274458836989914	0.016731780146992094	0.010067059598747553	0.007947812193808773	0.012186307003686333	0.0	0.0	0.0	-0.0035556746809377758	-0.005170462043167364	-0.0019408873187081877	-0.009529036141544897	-0.01214737786860052	-0.006910694414489273	-0.013099246969242593	-0.018476027259611547	-0.007722466678873639	-0.012765338686215443	-0.02530561833736672	-0.00022505903506416826	0.0	0.0	0.0
TACTTTGCGTCGTCAA	0.0	0.0	0.0	0.0	0.0	0.0	0.0197692963644685	0.015733787610929924	0.023804805118007075	0.01301616796919249	0.01133973443877817	0.01469260149960681	0.004735844358199478	0.0035183391186934723	0.005953349597705484	-0.0015630760419644198	-0.0032753073803806327	0.000149155296451793	0.0	0.0	0.0	-0.008014114535021336	-0.01341292405428824	-0.00261530501575443	0.0	0.0	0.0	0.0	0.0	0.0
GTCTTGGCTCCGATTG	0.0	0.0	0.0	0.0	0.0	0.0	0.004779291171668842	0.0015512757674180275	0.008007306575919656	0.0	0.0	0.0	-0.0043398487095462545	-0.0067099200311699185	-0.00196977738792259	-0.00888332477417177	-0.01403691126401107	-0.003729738284332469	-0.01154898177944814	-0.025182896576899046	0.002084933018002765	0.0	0.0	0.0	0.0	0.0	0.0	0.0	0.0	0.0
TAGCACTCTGTGTCTA	0.0	0.0	0.0	0.0	0.0	0.0	0.0	0.0	0.0	0.012588888400906583	0.002489961415430784	0.022687815386382384	0.0	0.0	0.0	0.0	0.0	0.0	0.0	0.0	0.0	0.0	0.0	0.0	0.0	0.0	0.0	0.0	0.0	0.0
ACGCCACGCGTCTCAG	0.0	0.0	0.0	0.0	0.0	0.0	0.0	0.0	0.0	0.011374151220249594	0.004715514516693459	0.018032787923805728	0.0	0.0	0.0	-0.004449239038174864	-0.008854267867154385	-4.4210209195343596e-05	-0.00968615716242854	-0.016484084120224576	-0.002888230204632505	-0.009703788088085018	-0.017870826813661332	-0.001536749362508704	0.0	0.0	0.0	0.0	0.0	0.0
TACAGGGGATGAAGCT	0.0	0.0	0.0	0.0	0.0	0.0	0.010605213864473863	0.006507350488050846	0.01470307724089688	0.011802859657912872	0.010075452918741321	0.013530266397084423	0.004274490694077668	0.0033328188946435133	0.005216162493511823	0.006	0.006	0.006	0.005000000000000001	0.005000000000000001	0.005000000000000001	0.0055	0.0055	0.0055	-0.0010000000000000009	-0.0010000000000000009	-0.0010000000000000009	0.0	0.0	0.0
AGCTATACCCCAACAA	0.0	0.0	0.0	0.0	0.0	0.0	0.00628936797473303	0.0029144477501792557	0.009664288199286804	0.004757643038281016	0.0025387583170699835	0.006976527759492049	0.0	0.0	0.0	-0.003946354778074231	-0.007026071708013471	-0.0008666378481349906	-0.006197017905602177	-0.01073332788458976	-0.0016607079266145958	0.0	0.0	0.0	0.0	0.0	0.0	0.0	0.0	0.0
TTTGGCAACCTGGGTG	0.0	0.0	0.0	0.0	0.0	0.0	0.010828819279403653	0.008269954549969453	0.013387684008837853	0.0125	0.0125	0.0125	0.0	0.0	0.0	-0.0015000000000000013	-0.0015000000000000013	-0.0015000000000000013	-0.006500000000000006	-0.006500000000000006	-0.006500000000000006	-0.0040000000000000036	-0.0040000000000000036	-0.0040000000000000036	0.0	0.0	0.0	0.0	0.0	0.0
GGCGAGAACTTAATGG	0.0	0.0	0.0	0.0	0.0	0.0	0.015417249302529384	0.00954765553817859	0.021286843066880178	0.007908140546219054	0.00451794165505621	0.011298339437381897	0.0	0.0	0.0	-0.009202916707440518	-0.016023600011582435	-0.002382233403298602	0.0	0.0	0.0	0.0	0.0	0.0	0.0	0.0	0.0	0.0	0.0	0.0
ATGGGGATGGCTGGCC	0.0	0.0	0.0	0.0	0.0	0.0	0.010659672770455283	0.006138606688267291	0.015180738852643275	0.0	0.0	0.0	-0.002862712339802784	-0.006880856347339195	0.0011554316677336272	-0.01136980570227242	-0.02299326818171086	0.00025365677716602045	0.0	0.0	0.0	0.0	0.0	0.0	0.0	0.0	0.0	0.0	0.0	0.0
ACTCGATCTCGCCGCC	0.0	0.0	0.0	0.0	0.0	0.0	0.0	0.0	0.0	0.009352241237913983	0.004542698081653216	0.014161784394174749	0.0	0.0	0.0	-0.0034118706305188056	-0.007913452901494169	0.0010897116404565569	-0.006164220567920125	-0.011803571444301303	-0.0005248696915389475	-0.012093086260619916	-0.01974216620267174	-0.004444006318568094	-0.010977382726896766	-0.023299355787536148	0.0013445903337426183	0.0	0.0	0.0
CAGGACTAACTCTCCG	0.0	0.0	0.0	0.0	0.0	0.0	0.009715228119612705	0.0033603855500192684	0.016070070689206142	0.0	0.0	0.0	0.0	0.0	0.0	-0.00751119749271234	-0.013729683955238464	-0.0012927110301862166	0.0	0.0	0.0	0.0	0.0	0.0	0.0	0.0	0.0	0.0	0.0	0.0
ATAATGAGTGCACCTT	0.0	0.0	0.0	0.0	0.0	0.0	0.010031974611372016	0.003284403279230976	0.016779545943513056	0.014431689500755787	0.012061621146471403	0.01680175785504017	0.010718967568094716	0.009698755820047056	0.011739179316142377	0.0055	0.0055	0.0055	0.004	0.004	0.004	-0.0017207689229808947	-0.002936370511674365	-0.0005051673342874247	0.0	0.0	0.0	0.0	0.0	0.0
TACGGAGCGAACAGTT	0.0	0.0	0.0	0.0	0.0	0.0	0.0	0.0	0.0	0.008697323381444636	0.004632411349017918	0.012762235413871354	0.0	0.0	0.0	0.0	0.0	0.0	0.0	0.0	0.0	-0.013262287937919703	-0.027514284343729458	0.000989708467890052	0.0	0.0	0.0	0.0	0.0	0.0
