BC	Epoch6	Epoch7	Epoch8	Epoch9	Epoch10
TCTAGCGCGGCCGAAT_CTATGAGGTAGAAACA_GTACAGACTGCATGCT_CTATAACAATTGCGGA_GATGTCGTCCAAACGG_ATTCGCGGCCTCTTGC	0.0	0.0	0.0	0.0	0.0	0.0	0.0	0.0	0.0	0.0	0.0	0.0	0.0	0.0	0.0	0.019248599820787603	0.005252807614935235	0.03324439202663997	0.0	0.0	0.0	0.0	0.0	0.0	0.0	0.0	0.0	0.0	0.0	0.0
CGCGGTGGAACGGAGG_CGCAACATGTAAACTT_CCCACTAGGATTTCTC_ACGTATTGGCGCAGGC_CACAGCATTTTGGGAG_CTACGCACTGTCGTGG	0.0	0.0	0.0	0.0	0.0	0.0	0.0	0.0	0.0	0.0	0.0	0.0	0.0	0.0	0.0	0.030922103686212038	0.015377336702110802	0.04646687067031327	0.0	0.0	0.0	-0.01097903686483152	-0.01978290343840542	-0.0021751702912576176	0.0	0.0	0.0	0.0	0.0	0.0
TCTAGCGCGGCCGAAT_CTATGAGGTAGAAACA_CCGGAAAGAGTACGAC_TAGGGAGTGAACCGTT_CTCGTGAAAAGCGTCG_ATTCAGATGGGTCCAC	0.0	0.0	0.0	0.0	0.0	0.0	0.0	0.0	0.0	0.0	0.0	0.0	0.0	0.0	0.0	0.02820327124355494	0.01327041347790938	0.0431361290092005	0.0	0.0	0.0	0.0	0.0	0.0	0.0	0.0	0.0	0.0	0.0	0.0
TCTAGCGCGGCCGAAT_CTATGAGGTAGAAACA_CCGGAAAGAGTACGAC_GGCGTCGGGTTAGTGT_GAGAATGCTTAAATAG_AGACCGCAAAGTATTA	0.0	0.0	0.0	0.0	0.0	0.0	0.0	0.0	0.0	0.0	0.0	0.0	0.0	0.0	0.0	0.016741895670252912	0.002972798318494856	0.03051099302201097	0.012655283662596394	0.0051923046434670045	0.020118262681725785	0.0	0.0	0.0	0.0	0.0	0.0	0.0	0.0	0.0
TCTAGCGCGGCCGAAT_CTATGAGGTAGAAACA_CCGGAAAGAGTACGAC_TCCGGGCGACTTTGGC_ACAGTGGTACGTTCAA_TGACGCGTCTAGTGAC	0.0	0.0	0.0	0.0	0.0	0.0	0.0	0.0	0.0	0.0	0.0	0.0	0.0	0.0	0.0	0.01814130572540186	0.005561351063347861	0.03072126038745586	0.0	0.0	0.0	0.0	0.0	0.0	0.0	0.0	0.0	0.0	0.0	0.0
TCTAGCGCGGCCGAAT_CTATGAGGTAGAAACA_CCGGAAAGAGTACGAC_CTAATGGGCTGATCTG_AATAATACTGTCCCGA_AGCTCCCATGAATCCA	0.0	0.0	0.0	0.0	0.0	0.0	0.0	0.0	0.0	0.0	0.0	0.0	0.0	0.0	0.0	0.02150270563027775	0.0029899004480007894	0.04001551081255471	0.0	0.0	0.0	0.0	0.0	0.0	0.0	0.0	0.0	0.0	0.0	0.0
TCTAGCGCGGCCGAAT_CTATGAGGTAGAAACA_CCGGAAAGAGTACGAC_CCTCCTGTTCATTACC_TTTATGCCAACGCCGT_GTCAGAGTCAACATTA	0.0	0.0	0.0	0.0	0.0	0.0	0.0	0.0	0.0	0.0	0.0	0.0	0.0	0.0	0.0	0.0	0.0	0.0	0.024494481666129924	0.011187484294995663	0.037801479037264184	0.0	0.0	0.0	0.0	0.0	0.0	0.0	0.0	0.0
TCTAGCGCGGCCGAAT_CTATGAGGTAGAAACA_CCGGAAAGAGTACGAC_TCAAGGGGCGCAGCCG_ACAGATACACACGGAA_ACTCAACATTAGGGGA	0.0	0.0	0.0	0.0	0.0	0.0	0.0	0.0	0.0	0.0	0.0	0.0	0.0	0.0	0.0	0.019042855049499992	0.0023409570679533767	0.03574475303104661	0.0	0.0	0.0	0.0	0.0	0.0	0.0	0.0	0.0	0.0	0.0	0.0
TCTAGCGCGGCCGAAT_CTATGAGGTAGAAACA_GAAGGCGGTTTGGCAT_TGGGGATTACGGGCTT_GTCTACGGCATCGGTC_TTAGCTTCCCGCAGTA	0.0	0.0	0.0	0.0	0.0	0.0	0.0	0.0	0.0	0.0	0.0	0.0	0.0	0.0	0.0	0.021205037524679816	0.005816749285516839	0.03659332576384279	0.0	0.0	0.0	0.0	0.0	0.0	0.0	0.0	0.0	0.0	0.0	0.0
TCTAGCGCGGCCGAAT_CTATGAGGTAGAAACA_CAGTGCTGCACACGAC_ACACGGTGATACTGAG_AGGGTCCTCAGGTGCG_ATGTGCACCTCACGCC	0.0	0.0	0.0	0.0	0.0	0.0	0.0	0.0	0.0	0.0	0.0	0.0	0.0	0.0	0.0	0.01950937929595407	0.006444285626820452	0.03257447296508769	0.0	0.0	0.0	0.0	0.0	0.0	0.0	0.0	0.0	0.0	0.0	0.0
TCTAGCGCGGCCGAAT_CTATGAGGTAGAAACA_GAAGGCGGTTTGGCAT_AACGGAATAGAGTATG_TTGTGGGCAGAGTGCA_CAACGCGTATCTCCGT	0.0	0.0	0.0	0.0	0.0	0.0	0.0	0.0	0.0	0.0	0.0	0.0	0.0	0.0	0.0	0.02436818443268993	0.008372996460313465	0.04036337240506639	0.0	0.0	0.0	0.0	0.0	0.0	0.0	0.0	0.0	0.0	0.0	0.0
TCTAGCGCGGCCGAAT_CTATGAGGTAGAAACA_GATAGATATAGTAAGT_ATTCGGCTCATAAGGG_GCTCCTCCACAACCGG_TGGGCTTTAGGTGCGC	0.0	0.0	0.0	0.0	0.0	0.0	0.0	0.0	0.0	0.0	0.0	0.0	0.0	0.0	0.0	0.021616902221919435	0.011595865415539816	0.031637939028299054	0.0	0.0	0.0	0.0	0.0	0.0	0.0	0.0	0.0	0.0	0.0	0.0
TCTAGCGCGGCCGAAT_CTATGAGGTAGAAACA_GTACAGACTGCATGCT_CTATAACAATTGCGGA_CAAAAACCCTCTGTTA_TATATGCGACGGCCCG	0.0	0.0	0.0	0.0	0.0	0.0	0.0	0.0	0.0	0.0	0.0	0.0	0.0	0.0	0.0	0.0239032148593609	0.006386296488734337	0.041420133229987464	0.0	0.0	0.0	0.0	0.0	0.0	0.0	0.0	0.0	0.0	0.0	0.0
TCTAGCGCGGCCGAAT_CTATGAGGTAGAAACA_CAGGCACTCACGTTAC_GTCAGAATTCGGAAAA_TCCGAGATCTCTAAGT_CTTGGCGGCCCGTTAA	0.0	0.0	0.0	0.0	0.0	0.0	0.0	0.0	0.0	0.0	0.0	0.0	0.0	0.0	0.0	0.021296122410264108	0.004178166286623177	0.038414078533905036	0.0	0.0	0.0	0.0	0.0	0.0	0.0	0.0	0.0	0.0	0.0	0.0
TCTAGCGCGGCCGAAT_CTATGAGGTAGAAACA_CCGGAAAGAGTACGAC_CGTTAGTCCTTTTGAT_TGGAGGGCAGGACTCT_TGGATCGAAATTAGGG	0.0	0.0	0.0	0.0	0.0	0.0	0.0	0.0	0.0	0.0	0.0	0.0	0.0	0.0	0.0	0.017947504969682775	0.00741872183696499	0.02847628810240056	0.0	0.0	0.0	0.0	0.0	0.0	0.0	0.0	0.0	0.0	0.0	0.0
TCTAGCGCGGCCGAAT_CTATGAGGTAGAAACA_CCGGAAAGAGTACGAC_GGACACGTTTCGGCCC_TTATCGCGCCGGGATT_TCGCGGTCCCGTGCGT	0.0	0.0	0.0	0.0	0.0	0.0	0.0	0.0	0.0	0.0	0.0	0.0	0.0	0.0	0.0	0.016532500715303954	0.0032218010254830565	0.02984320040512485	0.0	0.0	0.0	0.0	0.0	0.0	0.0	0.0	0.0	0.0	0.0	0.0
TCTAGCGCGGCCGAAT_CTATGAGGTAGAAACA_CCGGAAAGAGTACGAC_CTAATGGGCTGATCTG_CTGCCAAAGGTGCTGG_TACGAGTGACGAAAAT	0.0	0.0	0.0	0.0	0.0	0.0	0.0	0.0	0.0	0.0	0.0	0.0	0.0	0.0	0.0	0.019986127054545805	0.006637568860808173	0.03333468524828344	0.0	0.0	0.0	0.0	0.0	0.0	0.0	0.0	0.0	0.0	0.0	0.0
TCTAGCGCGGCCGAAT_CTATGAGGTAGAAACA_CCGGAAAGAGTACGAC_CTAATGGGCTGATCTG_ACATCTAACAACCATT_ACACGCACAGATTTCG	0.0	0.0	0.0	0.0	0.0	0.0	0.0	0.0	0.0	0.0	0.0	0.0	0.0	0.0	0.0	0.0	0.0	0.0	0.014628960514587109	0.0016094317417375634	0.027648489287436656	0.0	0.0	0.0	0.0	0.0	0.0	0.0	0.0	0.0
TCTAGCGCGGCCGAAT_CTATGAGGTAGAAACA_CCGGAAAGAGTACGAC_CTAATGGGCTGATCTG_CAGTTCGAGAGGCCCG_TCCACCCCATATGATT	0.0	0.0	0.0	0.0	0.0	0.0	0.0	0.0	0.0	0.0	0.0	0.0	0.0	0.0	0.0	0.020518730662394603	0.0061221845558375	0.0349152767689517	0.010299912704659091	0.002490299307560402	0.01810952610175778	0.0	0.0	0.0	0.0	0.0	0.0	0.0	0.0	0.0
TCTAGCGCGGCCGAAT_CTATGAGGTAGAAACA_CCGGAAAGAGTACGAC_TGCGTAGAATATTGCG_GCCGGATGACTCGGAC_TACGGGTCGGAGATCG	0.0	0.0	0.0	0.0	0.0	0.0	0.0	0.0	0.0	0.0	0.0	0.0	0.0	0.0	0.0	0.022669862114973776	0.008516426624772559	0.03682329760517499	0.0	0.0	0.0	0.0	0.0	0.0	0.0	0.0	0.0	0.0	0.0	0.0
TCTAGCGCGGCCGAAT_CTATGAGGTAGAAACA_CCGGAAAGAGTACGAC_TGCGTAGAATATTGCG_GCCGGATGACTCGGAC_TTGACGCGAGCGCCTA	0.0	0.0	0.0	0.0	0.0	0.0	0.0	0.0	0.0	0.0	0.0	0.0	0.0	0.0	0.0	0.018928004591340135	0.005936854122722525	0.031919155059957745	0.0	0.0	0.0	0.0	0.0	0.0	0.0	0.0	0.0	0.0	0.0	0.0
TCTAGCGCGGCCGAAT_CTATGAGGTAGAAACA_CAGTGCTGCACACGAC_GCACTAAGAGGCATAT_ACTTGTAAGGCCCTAT_ATGGCAGCATTAGAAA	0.0	0.0	0.0	0.0	0.0	0.0	0.0	0.0	0.0	0.0	0.0	0.0	0.0	0.0	0.0	0.0	0.0	0.0	0.017071846295092563	0.0007446207509416991	0.03339907183924343	0.0	0.0	0.0	0.0	0.0	0.0	0.0	0.0	0.0
CGCGGTGGAACGGAGG_CGCAACATGTAAACTT_AACGATGATACGTGGT_AGTATTATGCGACGCC_ACATCCCCGTACTCCA_GTTCCAGACATAGATT	0.0	0.0	0.0	0.0	0.0	0.0	0.0	0.0	0.0	0.0	0.0	0.0	0.0	0.0	0.0	0.03011100124334437	0.019848552042471046	0.040373450444217696	0.009687307469992792	0.0051824386037438415	0.014192176336241744	-0.0007581066087048178	-0.0026986635969119188	0.0011824503795022834	-0.027920647858539305	-0.03385374737761055	-0.02198754833946806	0.0	0.0	0.0
CGCGGTGGAACGGAGG_CGCAACATGTAAACTT_AACGATGATACGTGGT_AGTATTATGCGACGCC_ACATCCCCGTACTCCA_CCAGGATCACGAACAA	0.0	0.0	0.0	0.0	0.0	0.0	0.0	0.0	0.0	0.0	0.0	0.0	0.0	0.0	0.0	0.028567338712275597	0.001892623242921842	0.05524205418162935	0.0	0.0	0.0	0.0	0.0	0.0	0.0	0.0	0.0	0.0	0.0	0.0
CGCGGTGGAACGGAGG_CGCAACATGTAAACTT_AACGATGATACGTGGT_AGTATTATGCGACGCC_ACATCCCCGTACTCCA_TTGTCCCGTTCTACTG	0.0	0.0	0.0	0.0	0.0	0.0	0.0	0.0	0.0	0.0	0.0	0.0	0.0	0.0	0.0	0.0	0.0	0.0	0.01287151221665966	0.0021119118645039816	0.023631112568815338	0.0	0.0	0.0	0.0	0.0	0.0	0.0	0.0	0.0
CGCGGTGGAACGGAGG_CGCAACATGTAAACTT_AACGATGATACGTGGT_AGTATTATGCGACGCC_ACATCCCCGTACTCCA_TCCCAGCTTAAGACCC	0.0	0.0	0.0	0.0	0.0	0.0	0.0	0.0	0.0	0.0	0.0	0.0	0.0	0.0	0.0	0.0	0.0	0.0	0.009941298686556129	0.0024771534058404153	0.017405443967271842	-0.0023467023799751195	-0.005873847796751271	0.0011804430368010316	-0.026149121313380475	-0.035924882008683656	-0.016373360618077298	0.0	0.0	0.0
CGCGGTGGAACGGAGG_CGCAACATGTAAACTT_AACGATGATACGTGGT_AGTATTATGCGACGCC_ACATCCCCGTACTCCA_AGTCGGACGGCGTAGC	0.0	0.0	0.0	0.0	0.0	0.0	0.0	0.0	0.0	0.0	0.0	0.0	0.0	0.0	0.0	0.025022153888048244	0.013143539729050776	0.036900768047045715	0.0	0.0	0.0	-0.004218980081045395	-0.0067988419339618045	-0.0016391182281289855	-0.02644372561862201	-0.03532741462855416	-0.017560036608689857	0.0	0.0	0.0
CGCGGTGGAACGGAGG_CGCAACATGTAAACTT_AACGATGATACGTGGT_AGTATTATGCGACGCC_ACATCCCCGTACTCCA_TACGCGTAAACACTCG	0.0	0.0	0.0	0.0	0.0	0.0	0.0	0.0	0.0	0.0	0.0	0.0	0.0	0.0	0.0	0.0	0.0	0.0	0.0	0.0	0.0	0.013814420912120994	0.0001511356013129475	0.02747770622292904	0.0	0.0	0.0	0.0	0.0	0.0
CGCGGTGGAACGGAGG_CGCAACATGTAAACTT_AACGATGATACGTGGT_AGTATTATGCGACGCC_ACATCCCCGTACTCCA_AGACAATCCACTAAAT	0.0	0.0	0.0	0.0	0.0	0.0	0.0	0.0	0.0	0.0	0.0	0.0	0.0	0.0	0.0	0.022779267672841434	0.013866116867359685	0.03169241847832319	0.008592273322074817	0.00450712127656319	0.012677425367586445	-0.0023094356663109277	-0.004273908565649155	-0.0003449627669727005	-0.02924026802654798	-0.03548284945699321	-0.022997686596102747	0.0	0.0	0.0
CGCGGTGGAACGGAGG_CGCAACATGTAAACTT_AACGATGATACGTGGT_AGTATTATGCGACGCC_ACATCCCCGTACTCCA_ATATTGAACGTCCTGG	0.0	0.0	0.0	0.0	0.0	0.0	0.0	0.0	0.0	0.0	0.0	0.0	0.0	0.0	0.0	0.024107638179975195	0.008853267993886584	0.03936200836606381	0.0	0.0	0.0	0.0	0.0	0.0	-0.029700819060661188	-0.038116980971040396	-0.021284657150281976	0.0	0.0	0.0
CGCGGTGGAACGGAGG_CGCAACATGTAAACTT_AACGATGATACGTGGT_AGTATTATGCGACGCC_ACATCCCCGTACTCCA_ACAGGATTGCCTAGTA	0.0	0.0	0.0	0.0	0.0	0.0	0.0	0.0	0.0	0.0	0.0	0.0	0.0	0.0	0.0	0.019385642437267384	0.002582380984636895	0.03618890388989787	0.0	0.0	0.0	-0.0014236821440943403	-0.005434465397980338	0.002587101109791657	0.0	0.0	0.0	0.0	0.0	0.0
CGCGGTGGAACGGAGG_CGCAACATGTAAACTT_AACGATGATACGTGGT_AGTATTATGCGACGCC_ACATCCCCGTACTCCA_AAATAACGGAGGAATC	0.0	0.0	0.0	0.0	0.0	0.0	0.0	0.0	0.0	0.0	0.0	0.0	0.0	0.0	0.0	0.026183051268638135	0.01375345359547116	0.038612648941805106	0.0	0.0	0.0	0.0	0.0	0.0	0.0	0.0	0.0	0.0	0.0	0.0
TCTAGCGCGGCCGAAT_CTATGAGGTAGAAACA_GAAGGCGGTTTGGCAT_AGCTGATATGCCATGT_TGCGGACTGGTTCTTT_TAAAGGTCCAAGGTTG	0.0	0.0	0.0	0.0	0.0	0.0	0.0	0.0	0.0	0.0	0.0	0.0	0.0	0.0	0.0	0.015770372553968064	0.006965529743764446	0.024575215364171683	0.0	0.0	0.0	0.0	0.0	0.0	0.0	0.0	0.0	0.0	0.0	0.0
TCTAGCGCGGCCGAAT_CTATGAGGTAGAAACA_GCCTACGAATACAACC_ACTGTCGTTCGTCCTG_GAGTTAGATCCTAGAC_GAATGCTGCTTTCGAC	0.0	0.0	0.0	0.0	0.0	0.0	0.0	0.0	0.0	0.0	0.0	0.0	0.0	0.0	0.0	0.0	0.0	0.0	0.023842034314912403	0.012938344125818313	0.034745724504006495	0.0	0.0	0.0	0.0	0.0	0.0	0.0	0.0	0.0
TCTAGCGCGGCCGAAT_CTATGAGGTAGAAACA_GTACAGACTGCATGCT_CTATAACAATTGCGGA_TCATGCATGGACCGAA_TCGAGTTACAACCAAA	0.0	0.0	0.0	0.0	0.0	0.0	0.0	0.0	0.0	0.0	0.0	0.0	0.0	0.0	0.0	0.016567708619159398	0.005708251593324739	0.027427165644994055	0.0	0.0	0.0	0.0	0.0	0.0	0.0	0.0	0.0	0.0	0.0	0.0
CGCGGTGGAACGGAGG_CGCAACATGTAAACTT_AACGATGATACGTGGT_AGTATTATGCGACGCC_AGTGGGCCATTTAGAG_GTCCAAATCGGGGGGG	0.0	0.0	0.0	0.0	0.0	0.0	0.0	0.0	0.0	0.0	0.0	0.0	0.0	0.0	0.0	0.0347087097380364	0.023996382359071568	0.04542103711700123	0.0	0.0	0.0	-0.0023688644332788386	-0.004470499805550921	-0.000267229061006756	-0.02761987718062301	-0.03416081316741335	-0.02107894119383267	0.0	0.0	0.0
ACTTCGGGTGTCGTAG_GAACAGTCGAAGAGTA_TGGACATAATGATAGT_ACGGGCTTATCCGGAC_AGGTCCTATCGGCGCA_GCCTGCTTCAGGTTTA	0.0	0.0	0.0	0.0	0.0	0.0	0.0	0.0	0.0	0.0	0.0	0.0	0.0	0.0	0.0	0.0	0.0	0.0	0.015297049719836356	0.0019514452943248679	0.02864265414534784	0.0	0.0	0.0	0.0	0.0	0.0	0.0	0.0	0.0
TCTAGCGCGGCCGAAT_CTATGAGGTAGAAACA_GATAGATATAGTAAGT_CCCGTGAAGGACATTT_CCTGCCGAACCTACCT_GTATCCTGCCTGGTGC	0.0	0.0	0.0	0.0	0.0	0.0	0.0	0.0	0.0	0.0	0.0	0.0	0.0	0.0	0.0	0.0	0.0	0.0	0.0	0.0	0.0	0.01261661213301277	-4.4212289446647277e-05	0.02527743655547219	0.0	0.0	0.0	0.0	0.0	0.0
TCTAGCGCGGCCGAAT_CTATGAGGTAGAAACA_GATAGATATAGTAAGT_ATTCGGCTCATAAGGG_ATTCTGGTGGCTAAAC_CATCTGCAACCCCACC	0.0	0.0	0.0	0.0	0.0	0.0	0.0	0.0	0.0	0.0	0.0	0.0	0.0	0.0	0.0	0.032218180802306914	0.01954949891133217	0.044886862693281654	0.021708058603936424	0.01565061993422083	0.027765497273652018	0.021350735151170985	0.018953943859996797	0.023747526442345172	-0.010077796307436422	-0.015359659223564692	-0.004795933391308152	0.0	0.0	0.0
TCTAGCGCGGCCGAAT_CTATGAGGTAGAAACA_GATAGATATAGTAAGT_ATTCGGCTCATAAGGG_ATTCTGGTGGCTAAAC_TACACTTGGTGACGGC	0.0	0.0	0.0	0.0	0.0	0.0	0.0	0.0	0.0	0.0	0.0	0.0	0.0	0.0	0.0	0.025572442534244195	0.01634918683346396	0.03479569823502443	0.014842914836775902	0.008922164548504198	0.020763665125047605	0.01826755580437437	0.015596592229168272	0.020938519379580467	-0.010623697220096226	-0.017385304313180312	-0.00386209012701214	0.0	0.0	0.0
TCTAGCGCGGCCGAAT_CTATGAGGTAGAAACA_GATAGATATAGTAAGT_ATTCGGCTCATAAGGG_ATTCTGGTGGCTAAAC_GCGACCCTAGCGGATT	0.0	0.0	0.0	0.0	0.0	0.0	0.0	0.0	0.0	0.0	0.0	0.0	0.0	0.0	0.0	0.0	0.0	0.0	0.016739702794215307	0.007553473292979063	0.02592593229545155	0.017303658117729277	0.01208215207800917	0.022525164157449384	-0.011593882569700882	-0.02355347688782949	0.00036571174842772725	0.0	0.0	0.0
TCTAGCGCGGCCGAAT_CTATGAGGTAGAAACA_GCCTACGAATACAACC_CGAACGCGGGTGGCAT_AACAGAGATTTGTGCC_CCACTGCCTTGTTAAC	0.0	0.0	0.0	0.0	0.0	0.0	0.0	0.0	0.0	0.0	0.0	0.0	0.0	0.0	0.0	0.024990729758708502	0.012496162456162394	0.03748529706125461	0.0	0.0	0.0	0.0	0.0	0.0	0.0	0.0	0.0	0.0	0.0	0.0
TCTAGCGCGGCCGAAT_CTATGAGGTAGAAACA_CCGGAAAGAGTACGAC_ATGCCGAGAACGTAGT_CAAGAATCGATCGTAG_CCGAGCAGACTTGCGC	0.0	0.0	0.0	0.0	0.0	0.0	0.0	0.0	0.0	0.0	0.0	0.0	0.0	0.0	0.0	0.019288906932083537	0.00416279988339591	0.03441501398077117	0.0	0.0	0.0	0.0	0.0	0.0	0.0	0.0	0.0	0.0	0.0	0.0
TCTAGCGCGGCCGAAT_CTATGAGGTAGAAACA_CCGGAAAGAGTACGAC_CTAATGGGCTGATCTG_CGAGGCCCGGTTTTGA_CGAGTCATCTAACAGG	0.0	0.0	0.0	0.0	0.0	0.0	0.0	0.0	0.0	0.0	0.0	0.0	0.0	0.0	0.0	0.0	0.0	0.0	0.016159636195372442	0.0038889815275960082	0.028430290863148876	0.0	0.0	0.0	0.0	0.0	0.0	0.0	0.0	0.0
TCTAGCGCGGCCGAAT_CTATGAGGTAGAAACA_TTAAGAGTAAGAGAGT_TAGTAAGAATCATCAT_TTCAGACACGGAGACC_AACTCCTCGGGTAGAG	0.0	0.0	0.0	0.0	0.0	0.0	0.0	0.0	0.0	0.0	0.0	0.0	0.0	0.0	0.0	0.018691393259473808	0.0039819181869250805	0.033400868332022535	0.0	0.0	0.0	0.0	0.0	0.0	0.0	0.0	0.0	0.0	0.0	0.0
ACTTCGGGTGTCGTAG_GAACAGTCGAAGAGTA_TGGACATAATGATAGT_ACGGGCTTATCCGGAC_GCCTATGGAGTTCAGA_TAGTCCGAACCAACGT	0.0	0.0	0.0	0.0	0.0	0.0	0.0	0.0	0.0	0.0	0.0	0.0	0.0	0.0	0.0	0.02185307934480582	0.010515245861845313	0.03319091282776633	0.0	0.0	0.0	0.010874730483053992	0.003412309339877971	0.018337151626230012	0.0	0.0	0.0	0.0	0.0	0.0
GTTTAATTTAATCGTG_TCCACTGCTTTAAGTG_TAACGAACACGTACGC_TAGCCTGAGACTGTAT_CCGGTAGGTGGGACCT_GATCTCTTTGACGGAG	0.0	0.0	0.0	0.0	0.0	0.0	0.0	0.0	0.0	0.0	0.0	0.0	0.0	0.0	0.0	0.0	0.0	0.0	0.011083029557779393	0.0030361281205417198	0.019129930995017065	0.008522835698909343	0.005822687522629599	0.011222983875189087	-0.014765775308779122	-0.018249392549785446	-0.011282158067772798	0.0	0.0	0.0
GTTTAATTTAATCGTG_TCCACTGCTTTAAGTG_TAACGAACACGTACGC_TAGCCTGAGACTGTAT_CCGGTAGGTGGGACCT_GCACCGTAAGAACTGA	0.0	0.0	0.0	0.0	0.0	0.0	0.0	0.0	0.0	0.0	0.0	0.0	0.0	0.0	0.0	0.0	0.0	0.0	0.010996491916496683	0.004632058310418421	0.017360925522574944	0.0	0.0	0.0	-0.017233185712092265	-0.023330921790019075	-0.011135449634165453	0.0	0.0	0.0
GTTTAATTTAATCGTG_TCCACTGCTTTAAGTG_TAACGAACACGTACGC_TAGCCTGAGACTGTAT_CCGGTAGGTGGGACCT_CTACGCTTGACCGCGT	0.0	0.0	0.0	0.0	0.0	0.0	0.0	0.0	0.0	0.0	0.0	0.0	0.0	0.0	0.0	0.0	0.0	0.0	0.011893491242598333	0.0024649349968300285	0.021322047488366636	0.0	0.0	0.0	0.0	0.0	0.0	0.0	0.0	0.0
GTTTAATTTAATCGTG_TCCACTGCTTTAAGTG_TAACGAACACGTACGC_TAGCCTGAGACTGTAT_CCGGTAGGTGGGACCT_ACGTAAGAAGTTATCA	0.0	0.0	0.0	0.0	0.0	0.0	0.0	0.0	0.0	0.0	0.0	0.0	0.0	0.0	0.0	0.0	0.0	0.0	0.010212283717831542	0.0018204072604246606	0.018604160175238423	0.0	0.0	0.0	0.0	0.0	0.0	0.0	0.0	0.0
GTTTAATTTAATCGTG_TCCACTGCTTTAAGTG_TAACGAACACGTACGC_TAGCCTGAGACTGTAT_CCGGTAGGTGGGACCT_CAGGCCCGCGCGGTTT	0.0	0.0	0.0	0.0	0.0	0.0	0.0	0.0	0.0	0.0	0.0	0.0	0.0	0.0	0.0	0.023880522322267155	0.013020086367777423	0.034740958276756884	0.010572854906468128	0.006504054584544845	0.01464165522839141	0.004388979548567481	0.0025758792998634107	0.006202079797271551	-0.01578162230930053	-0.01985759908620334	-0.011705645532397724	0.0	0.0	0.0
TCTAGCGCGGCCGAAT_CTATGAGGTAGAAACA_GCCTACGAATACAACC_TGAAGCTAGTTAGCGA_CGAGGACTAGAGTCAC_TAGAGGTAGTGGTACC	0.0	0.0	0.0	0.0	0.0	0.0	0.0	0.0	0.0	0.0	0.0	0.0	0.0	0.0	0.0	0.0197016956885403	0.007306548459105982	0.03209684291797461	0.013307434492647147	0.0032076822540552732	0.02340718673123902	0.0	0.0	0.0	0.0	0.0	0.0	0.0	0.0	0.0
TCTAGCGCGGCCGAAT_CTATGAGGTAGAAACA_GCCTACGAATACAACC_TGAAGCTAGTTAGCGA_CGAGGACTAGAGTCAC_ATTTCATGACCGAAAC	0.0	0.0	0.0	0.0	0.0	0.0	0.0	0.0	0.0	0.0	0.0	0.0	0.0	0.0	0.0	0.0	0.0	0.0	0.015967112809710148	0.0007138650658028347	0.03122036055361746	0.0	0.0	0.0	0.0	0.0	0.0	0.0	0.0	0.0
TCTAGCGCGGCCGAAT_CTATGAGGTAGAAACA_GCCTACGAATACAACC_TGAAGCTAGTTAGCGA_CGAGGACTAGAGTCAC_TAAGAGAACCCCACAT	0.0	0.0	0.0	0.0	0.0	0.0	0.0	0.0	0.0	0.0	0.0	0.0	0.0	0.0	0.0	0.0	0.0	0.0	0.01997440128372694	0.004211066465154862	0.03573773610229902	0.0	0.0	0.0	0.0	0.0	0.0	0.0	0.0	0.0
TCTAGCGCGGCCGAAT_CTATGAGGTAGAAACA_GCCTACGAATACAACC_GTAATCGTCGAATAAA_ATACTCACACTGCTAC_GGGACCGTGGCACATA	0.0	0.0	0.0	0.0	0.0	0.0	0.0	0.0	0.0	0.0	0.0	0.0	0.0	0.0	0.0	0.025069539092412503	0.005997824333557434	0.044141253851267576	0.0	0.0	0.0	0.008968052487388462	0.002248041249706823	0.0156880637250701	0.0	0.0	0.0	0.0	0.0	0.0
TCTAGCGCGGCCGAAT_CTATGAGGTAGAAACA_GCCTACGAATACAACC_GTAATCGTCGAATAAA_ATACTCACACTGCTAC_TTAACTGGGGACGACA	0.0	0.0	0.0	0.0	0.0	0.0	0.0	0.0	0.0	0.0	0.0	0.0	0.0	0.0	0.0	0.0	0.0	0.0	0.016682910268031034	0.0009247859625006113	0.032441034573561456	0.0	0.0	0.0	0.0	0.0	0.0	0.0	0.0	0.0
TCTAGCGCGGCCGAAT_CTATGAGGTAGAAACA_GCCTACGAATACAACC_GTAATCGTCGAATAAA_ATACTCACACTGCTAC_TACAGACCTAAATGAT	0.0	0.0	0.0	0.0	0.0	0.0	0.0	0.0	0.0	0.0	0.0	0.0	0.0	0.0	0.0	0.0	0.0	0.0	0.01845223234494513	0.002222005560735388	0.03468245912915487	0.0	0.0	0.0	0.0	0.0	0.0	0.0	0.0	0.0
TCTAGCGCGGCCGAAT_CTATGAGGTAGAAACA_CCGGAAAGAGTACGAC_AGGTCCCCGACTTTAA_AGCTACAGTCTGTCGC_CGCGACGTTTATATGT	0.0	0.0	0.0	0.0	0.0	0.0	0.0	0.0	0.0	0.0	0.0	0.0	0.0	0.0	0.0	0.0	0.0	0.0	0.0	0.0	0.0	0.0103034826718141	0.0014724509813861184	0.019134514362242082	0.0	0.0	0.0	0.0	0.0	0.0
TCTAGCGCGGCCGAAT_CTATGAGGTAGAAACA_CCGGAAAGAGTACGAC_ATGCCGAGAACGTAGT_TTCACTGTGGCGGGAT_CGCTGAAGCGCAATTA	0.0	0.0	0.0	0.0	0.0	0.0	0.0	0.0	0.0	0.0	0.0	0.0	0.0	0.0	0.0	0.0	0.0	0.0	0.0	0.0	0.0	0.020275813375881323	-0.0009327469040117733	0.04148437365577442	0.0	0.0	0.0	0.0	0.0	0.0
TGCTAAAAAGATCTAG_TGTGTTCAGGGGGCTG_TGAGGGGGCCGGTTTG_ATTGTCATGCGCTAAC_CAAATGCAACATATGC_ATGACTAATTGGGACG	0.0	0.0	0.0	0.0	0.0	0.0	0.0	0.0	0.0	0.0	0.0	0.0	0.0	0.0	0.0	0.02573503647771125	0.008995256264224257	0.042474816691198236	0.0	0.0	0.0	-0.014237727830572302	-0.028457908253665606	-1.7547407478999896e-05	0.0	0.0	0.0	0.0	0.0	0.0
TCTAGCGCGGCCGAAT_CTATGAGGTAGAAACA_GAAGGCGGTTTGGCAT_TTAATCGGAGCGATAC_TATCTTCGCGAACCAT_CTGTCTAGTAACTGAC	0.0	0.0	0.0	0.0	0.0	0.0	0.0	0.0	0.0	0.0	0.0	0.0	0.0	0.0	0.0	0.019195183326792466	0.006003161343773182	0.03238720530981175	0.0	0.0	0.0	0.0	0.0	0.0	0.0	0.0	0.0	0.0	0.0	0.0
TCTAGCGCGGCCGAAT_CTATGAGGTAGAAACA_CAGTGCTGCACACGAC_CACTTGAAGAGCAGCC_GTAGTATAGTCAGTAT_AGGTTCGCTACGGAGC	0.0	0.0	0.0	0.0	0.0	0.0	0.0	0.0	0.0	0.0	0.0	0.0	0.0	0.0	0.0	0.017566465382880363	0.00375431501491451	0.03137861575084622	0.0	0.0	0.0	0.0	0.0	0.0	0.0	0.0	0.0	0.0	0.0	0.0
CGCGGTGGAACGGAGG_CGCAACATGTAAACTT_AACGATGATACGTGGT_AGTATTATGCGACGCC_GCACAAAAAGGAATAG_TGGGTTGCAGATCGCC	0.0	0.0	0.0	0.0	0.0	0.0	0.0	0.0	0.0	0.0	0.0	0.0	0.0	0.0	0.0	0.0	0.0	0.0	0.015804625560745255	0.0012669532973849876	0.030342297824105524	0.0	0.0	0.0	0.0	0.0	0.0	0.0	0.0	0.0
CGCGGTGGAACGGAGG_CGCAACATGTAAACTT_AACGATGATACGTGGT_AGTATTATGCGACGCC_GCACAAAAAGGAATAG_AGCGAACATTGCTGGG	0.0	0.0	0.0	0.0	0.0	0.0	0.0	0.0	0.0	0.0	0.0	0.0	0.0	0.0	0.0	0.026808292405735328	0.017457705179141716	0.036158879632328944	0.008694988699056612	0.0044837458163504845	0.01290623158176274	-0.0010736651219267204	-0.0027987203647105927	0.0006513901208571517	-0.024955102073597156	-0.03012638535592932	-0.019783818791264993	0.0	0.0	0.0
TCTAGCGCGGCCGAAT_CTATGAGGTAGAAACA_TAAGTGCGTAAGTGAG_CTGGTGTGTGGTGCGG_CTCCTGATACTCGACG_GGCTAGTCCGCTTGTC	0.0	0.0	0.0	0.0	0.0	0.0	0.0	0.0	0.0	0.0	0.0	0.0	0.0	0.0	0.0	0.019322555586393696	0.0073692583401853175	0.03127585283260208	0.0	0.0	0.0	0.0	0.0	0.0	0.0	0.0	0.0	0.0	0.0	0.0
TCTAGCGCGGCCGAAT_CTATGAGGTAGAAACA_TTAAGAGTAAGAGAGT_ATCAGTGTAAAGCCCA_TCGACTCCCCAGTGCC_GAGGCGCTCAATTACT	0.0	0.0	0.0	0.0	0.0	0.0	0.0	0.0	0.0	0.0	0.0	0.0	0.0	0.0	0.0	0.022015306676453485	0.0035480724197855668	0.040482540933121404	0.0	0.0	0.0	0.0	0.0	0.0	0.0	0.0	0.0	0.0	0.0	0.0
TCTAGCGCGGCCGAAT_CTATGAGGTAGAAACA_CAGTGCTGCACACGAC_TGCTTTCCAAAGTGTT_TCTGGCCCGGGATTAT_CAGCCGGGTCGTTTTC	0.0	0.0	0.0	0.0	0.0	0.0	0.0	0.0	0.0	0.0	0.0	0.0	0.0	0.0	0.0	0.026961302362447332	0.01721257992596845	0.03671002479892621	0.017316934973161602	0.01198010287996574	0.022653767066357466	0.008839536545718736	0.004764172106636113	0.012914900984801359	0.0	0.0	0.0	0.0	0.0	0.0
TCTAGCGCGGCCGAAT_CTATGAGGTAGAAACA_CGCTTAGTACCCGGAT_TAGACGCAAGCTGTCA_ACCGCAGTGGACGCAG_GCGTTGGGCAAACGAG	0.0	0.0	0.0	0.0	0.0	0.0	0.0	0.0	0.0	0.0	0.0	0.0	0.0	0.0	0.0	0.027584402165324533	0.004256415992614639	0.05091238833803442	0.0	0.0	0.0	0.0	0.0	0.0	0.0	0.0	0.0	0.0	0.0	0.0
TCTAGCGCGGCCGAAT_CTATGAGGTAGAAACA_CCGGAAAGAGTACGAC_TAGGGAGTGAACCGTT_AATCATCCGTCGCAGT_ACTTCGAGTCGCCTAC	0.0	0.0	0.0	0.0	0.0	0.0	0.0	0.0	0.0	0.0	0.0	0.0	0.0	0.0	0.0	0.017370932507413554	0.0047992452235366655	0.029942619791290443	0.011791682742303548	0.00213493503590168	0.021448430448705418	0.0	0.0	0.0	0.0	0.0	0.0	0.0	0.0	0.0
TCTAGCGCGGCCGAAT_CTATGAGGTAGAAACA_TAAGTGCGTAAGTGAG_CCATAACGCCGGGGCA_CAGTGTTAGGTGTCCC_ATTCAGTGCCCTGGGA	0.0	0.0	0.0	0.0	0.0	0.0	0.0	0.0	0.0	0.0	0.0	0.0	0.0	0.0	0.0	0.018249295059943615	0.002475636355989432	0.0340229537638978	0.0	0.0	0.0	0.0	0.0	0.0	0.0	0.0	0.0	0.0	0.0	0.0
TCTAGCGCGGCCGAAT_CTATGAGGTAGAAACA_GCCTACGAATACAACC_CCGGCAACCAGCTGCC_AGAATAGGTCAGGGTT_AAACGCTGTGATCATT	0.0	0.0	0.0	0.0	0.0	0.0	0.0	0.0	0.0	0.0	0.0	0.0	0.0	0.0	0.0	0.035748710612056936	0.01967006058701429	0.051827360637099584	0.0	0.0	0.0	0.0	0.0	0.0	0.0	0.0	0.0	0.0	0.0	0.0
TCTAGCGCGGCCGAAT_CTATGAGGTAGAAACA_GCCTACGAATACAACC_CCGGCAACCAGCTGCC_AGAATAGGTCAGGGTT_CTTGCGCCCAAAAAGT	0.0	0.0	0.0	0.0	0.0	0.0	0.0	0.0	0.0	0.0	0.0	0.0	0.0	0.0	0.0	0.0342408468575525	0.025654942698422847	0.04282675101668215	0.011369006275299728	0.005426285381155312	0.017311727169444145	0.0	0.0	0.0	0.0	0.0	0.0	0.0	0.0	0.0
TCTAGCGCGGCCGAAT_CTATGAGGTAGAAACA_CAGTGCTGCACACGAC_GAGACGTAGTGTAACT_ATGCGCAAAATGTGTA_TACAGGACAGTATAGG	0.0	0.0	0.0	0.0	0.0	0.0	0.0	0.0	0.0	0.0	0.0	0.0	0.0	0.0	0.0	0.0	0.0	0.0	0.01346576688286647	0.0017346084188126134	0.025196925346920328	0.0	0.0	0.0	0.0	0.0	0.0	0.0	0.0	0.0
CGCGGTGGAACGGAGG_CGCAACATGTAAACTT_AACGATGATACGTGGT_AGTATTATGCGACGCC_CGGCGCGGAACTGACA_CAGACTTCGTATCATA	0.0	0.0	0.0	0.0	0.0	0.0	0.0	0.0	0.0	0.0	0.0	0.0	0.0	0.0	0.0	0.02877381050810256	0.016152548006223406	0.041395073009981714	0.0	0.0	0.0	-0.0009622437150736991	-0.0036293370790373815	0.001704849648889983	0.0	0.0	0.0	0.0	0.0	0.0
CGCGGTGGAACGGAGG_CGCAACATGTAAACTT_AACGATGATACGTGGT_AGTATTATGCGACGCC_CGGCGCGGAACTGACA_GGAAAGTGCTTGTCGA	0.0	0.0	0.0	0.0	0.0	0.0	0.0	0.0	0.0	0.0	0.0	0.0	0.0	0.0	0.0	0.029024444225730583	0.018748072264667834	0.03930081618679333	0.0	0.0	0.0	-0.00041969125406709877	-0.0024624009815312473	0.0016230184733970498	-0.027905888802662565	-0.03449586726764477	-0.02131591033768036	0.0	0.0	0.0
CGCGGTGGAACGGAGG_CGCAACATGTAAACTT_AACGATGATACGTGGT_AGTATTATGCGACGCC_CGGCGCGGAACTGACA_TCGTCTTCAGAAAGCG	0.0	0.0	0.0	0.0	0.0	0.0	0.0	0.0	0.0	0.0	0.0	0.0	0.0	0.0	0.0	0.0	0.0	0.0	0.0	0.0	0.0	0.00840918361551544	0.001166069870643419	0.01565229736038746	0.0	0.0	0.0	0.0	0.0	0.0
CGCGGTGGAACGGAGG_CGCAACATGTAAACTT_AACGATGATACGTGGT_AGTATTATGCGACGCC_CGGCGCGGAACTGACA_ATAAATCGATGATTAG	0.0	0.0	0.0	0.0	0.0	0.0	0.0	0.0	0.0	0.0	0.0	0.0	0.0	0.0	0.0	0.02493095342845407	0.010839837636568797	0.039022069220339343	0.0	0.0	0.0	0.0	0.0	0.0	0.0	0.0	0.0	0.0	0.0	0.0
TCTAGCGCGGCCGAAT_CTATGAGGTAGAAACA_GATAGATATAGTAAGT_ATTCGGCTCATAAGGG_AATGACCACCGCGTTT_AGGGTGATTAAGAAAT	0.0	0.0	0.0	0.0	0.0	0.0	0.0	0.0	0.0	0.0	0.0	0.0	0.0	0.0	0.0	0.016693642779379743	0.0034329890887825256	0.02995429646997696	0.0	0.0	0.0	0.0	0.0	0.0	0.0	0.0	0.0	0.0	0.0	0.0
TCTAGCGCGGCCGAAT_CTATGAGGTAGAAACA_CCGGAAAGAGTACGAC_TCCGGGCGACTTTGGC_AGATCCTCCATCAATG_AGGATAGATGGATGGC	0.0	0.0	0.0	0.0	0.0	0.0	0.0	0.0	0.0	0.0	0.0	0.0	0.0	0.0	0.0	0.022712448655760643	0.0069912264362426875	0.0384336708752786	0.0	0.0	0.0	0.0	0.0	0.0	0.0	0.0	0.0	0.0	0.0	0.0
TCTAGCGCGGCCGAAT_CTATGAGGTAGAAACA_CCGGAAAGAGTACGAC_ATGCCGAGAACGTAGT_TATGGTTGCGTAGGTC_CTCCGACACACCTGCT	0.0	0.0	0.0	0.0	0.0	0.0	0.0	0.0	0.0	0.0	0.0	0.0	0.0	0.0	0.0	0.021249508515276433	0.00454451367002566	0.037954503360527206	0.0	0.0	0.0	0.0	0.0	0.0	0.0	0.0	0.0	0.0	0.0	0.0
TCTAGCGCGGCCGAAT_CTATGAGGTAGAAACA_GAAGGCGGTTTGGCAT_TGCTGCATTGTGGGAG_TGCACACTACCACAGT_TACCGGCGCAACTACA	0.0	0.0	0.0	0.0	0.0	0.0	0.0	0.0	0.0	0.0	0.0	0.0	0.0	0.0	0.0	0.01959093214900013	0.0038207558969513104	0.035361108401048946	0.0	0.0	0.0	0.0	0.0	0.0	0.0	0.0	0.0	0.0	0.0	0.0
TCTAGCGCGGCCGAAT_CTATGAGGTAGAAACA_CGCTTAGTACCCGGAT_CAAGAAGACAATGTGA_TACCGGTGGATGATTC_AAAAGAGTCTAAGACT	0.0	0.0	0.0	0.0	0.0	0.0	0.0	0.0	0.0	0.0	0.0	0.0	0.0	0.0	0.0	0.026127826924466312	0.009500439677626447	0.04275521417130618	0.0	0.0	0.0	0.0	0.0	0.0	0.0	0.0	0.0	0.0	0.0	0.0
ACTTCGGGTGTCGTAG_GAACAGTCGAAGAGTA_TGGACATAATGATAGT_ACGGGCTTATCCGGAC_TGGACCGACAACGCTA_TTATTCAGCCAAGAAG	0.0	0.0	0.0	0.0	0.0	0.0	0.0	0.0	0.0	0.0	0.0	0.0	0.0	0.0	0.0	0.020573389716886333	0.004764628651823831	0.036382150781948834	0.0	0.0	0.0	0.0	0.0	0.0	0.0	0.0	0.0	0.0	0.0	0.0
TCTAGCGCGGCCGAAT_CTATGAGGTAGAAACA_CCGGAAAGAGTACGAC_ATGCCGAGAACGTAGT_CAACGATAGCGCGAGC_ACTGATCTTCACCTTC	0.0	0.0	0.0	0.0	0.0	0.0	0.0	0.0	0.0	0.0	0.0	0.0	0.0	0.0	0.0	0.013900291114243676	0.0035755068564547864	0.024225075372032563	0.0	0.0	0.0	0.0	0.0	0.0	0.0	0.0	0.0	0.0	0.0	0.0
TCTAGCGCGGCCGAAT_CTATGAGGTAGAAACA_TAAGTGCGTAAGTGAG_GCAATCAAGTCCAACG_TGCTTTACGCGCTCAG_TAGGTAGATGTTTGAT	0.0	0.0	0.0	0.0	0.0	0.0	0.0	0.0	0.0	0.0	0.0	0.0	0.0	0.0	0.0	0.020213237833291316	0.004588885140523484	0.03583759052605915	0.0	0.0	0.0	0.0	0.0	0.0	0.0	0.0	0.0	0.0	0.0	0.0
TAAATCTTGTCAGTCA_TCTGGACCCGGTAGAG_AATAAGCAAAGTCAGT_AAGGACATACTGTCCC_GTCGTTCTCAGCTCCG_CACGATAGGTTGTACA	0.0	0.0	0.0	0.0	0.0	0.0	0.0	0.0	0.0	0.0	0.0	0.0	0.0	0.0	0.0	0.017909087957407865	0.0027847838979508585	0.03303339201686487	0.0	0.0	0.0	0.0	0.0	0.0	0.0	0.0	0.0	0.0	0.0	0.0
TCTAGCGCGGCCGAAT_CTATGAGGTAGAAACA_GTACAGACTGCATGCT_CTATAACAATTGCGGA_TTTAATGTTGGTTCAT_CAGTGCATCGGACCTC	0.0	0.0	0.0	0.0	0.0	0.0	0.0	0.0	0.0	0.0	0.0	0.0	0.0	0.0	0.0	0.021793136003223745	0.00831624838317287	0.035270023623274624	0.0	0.0	0.0	0.0	0.0	0.0	0.0	0.0	0.0	0.0	0.0	0.0
TCTAGCGCGGCCGAAT_CTATGAGGTAGAAACA_CAGGCACTCACGTTAC_GTCAGAATTCGGAAAA_ACAGCCAACTATATTA_CAATGCGGGGGGACCA	0.0	0.0	0.0	0.0	0.0	0.0	0.0	0.0	0.0	0.0	0.0	0.0	0.0	0.0	0.0	0.020304349869505793	0.0027859530536409327	0.03782274668537065	0.0	0.0	0.0	0.0	0.0	0.0	0.0	0.0	0.0	0.0	0.0	0.0
TCTAGCGCGGCCGAAT_CTATGAGGTAGAAACA_CCGGAAAGAGTACGAC_CTAATGGGCTGATCTG_GACGCCTTACCCAGTG_GTATCGTGCGAGCTAA	0.0	0.0	0.0	0.0	0.0	0.0	0.0	0.0	0.0	0.0	0.0	0.0	0.0	0.0	0.0	0.0	0.0	0.0	0.01947482015318964	0.0032605408078483222	0.035689099498530955	0.0	0.0	0.0	0.0	0.0	0.0	0.0	0.0	0.0
TCTAGCGCGGCCGAAT_CTATGAGGTAGAAACA_CCGGAAAGAGTACGAC_CGAATCAAACGTCCTC_TCGGGAATTAGGAGTT_GTTGATGCGGTGACGG	0.0	0.0	0.0	0.0	0.0	0.0	0.0	0.0	0.0	0.0	0.0	0.0	0.0	0.0	0.0	0.018623237563378536	0.0053437077453314785	0.03190276738142559	0.0	0.0	0.0	0.0	0.0	0.0	0.0	0.0	0.0	0.0	0.0	0.0
TCTAGCGCGGCCGAAT_CTATGAGGTAGAAACA_GTACAGACTGCATGCT_CTATAACAATTGCGGA_TCTGGGTGACCCGCAG_AATGTCTTAAGCAAGG	0.0	0.0	0.0	0.0	0.0	0.0	0.0	0.0	0.0	0.0	0.0	0.0	0.0	0.0	0.0	0.020209684039920597	0.0049647278477158545	0.03545464023212534	0.0	0.0	0.0	0.0	0.0	0.0	0.0	0.0	0.0	0.0	0.0	0.0
TCTAGCGCGGCCGAAT_CTATGAGGTAGAAACA_GTACAGACTGCATGCT_CTATAACAATTGCGGA_CTCGCCTGTCGTTTTT_TTGTGAACGAACATTG	0.0	0.0	0.0	0.0	0.0	0.0	0.0	0.0	0.0	0.0	0.0	0.0	0.0	0.0	0.0	0.020653442468469903	0.002751484957224739	0.03855539997971506	0.0	0.0	0.0	0.0	0.0	0.0	0.0	0.0	0.0	0.0	0.0	0.0
TCTAGCGCGGCCGAAT_CTATGAGGTAGAAACA_GTACAGACTGCATGCT_CTATAACAATTGCGGA_CTCGCCTGTCGTTTTT_CGCTTTGTGTCTAATA	0.0	0.0	0.0	0.0	0.0	0.0	0.0	0.0	0.0	0.0	0.0	0.0	0.0	0.0	0.0	0.021339649847381684	0.006027793069233131	0.03665150662553024	0.0	0.0	0.0	0.0	0.0	0.0	0.0	0.0	0.0	0.0	0.0	0.0
TCTAGCGCGGCCGAAT_CTATGAGGTAGAAACA_GTACAGACTGCATGCT_CTATAACAATTGCGGA_CTCGCCTGTCGTTTTT_CTTTAACGCCCAAAGG	0.0	0.0	0.0	0.0	0.0	0.0	0.0	0.0	0.0	0.0	0.0	0.0	0.0	0.0	0.0	0.0	0.0	0.0	0.0	0.0	0.0	0.039264001117420635	0.032961361477694934	0.04556664075714634	0.035099094473395306	0.028103310330070047	0.042094878616720566	0.0	0.0	0.0
CGCGGTGGAACGGAGG_CGCAACATGTAAACTT_AACGATGATACGTGGT_AGTATTATGCGACGCC_CTACTCTAGGCGGACT_GGATACCAGCCCTCGC	0.0	0.0	0.0	0.0	0.0	0.0	0.0	0.0	0.0	0.0	0.0	0.0	0.0	0.0	0.0	0.02637886521417796	0.011419889925831142	0.04133784050252478	0.012195535179870013	0.004832845604372521	0.019558224755367504	0.0	0.0	0.0	-0.026044362512150754	-0.03320832250919392	-0.018880402515107583	0.0	0.0	0.0
TCTAGCGCGGCCGAAT_CTATGAGGTAGAAACA_CCGGAAAGAGTACGAC_CGTTAGTCCTTTTGAT_TCATTTGAGCTGAGTT_AAGGGCCAGATGTATC	0.0	0.0	0.0	0.0	0.0	0.0	0.0	0.0	0.0	0.0	0.0	0.0	0.0	0.0	0.0	0.0	0.0	0.0	0.030300647972440687	0.006290061872183009	0.05431123407269836	0.0	0.0	0.0	0.0	0.0	0.0	0.0	0.0	0.0
TCTAGCGCGGCCGAAT_CTATGAGGTAGAAACA_CCGGAAAGAGTACGAC_AGGTCCCCGACTTTAA_CCAGCTCCTGAATGCC_AGGAAGGTCGTAAGGA	0.0	0.0	0.0	0.0	0.0	0.0	0.0	0.0	0.0	0.0	0.0	0.0	0.0	0.0	0.0	0.0	0.0	0.0	0.019171195213473328	0.0034154985006452955	0.03492689192630136	0.0	0.0	0.0	0.0	0.0	0.0	0.0	0.0	0.0
TCTAGCGCGGCCGAAT_CTATGAGGTAGAAACA_GTACAGACTGCATGCT_GAGTTACCAAAGTAAT_TCGTCTCAGCGTCATG_CAGCAAAGGTTTCCAG	0.0	0.0	0.0	0.0	0.0	0.0	0.0	0.0	0.0	0.0	0.0	0.0	0.0	0.0	0.0	0.022579049141831318	0.005135868482565198	0.04002222980109744	0.0	0.0	0.0	0.0	0.0	0.0	0.0	0.0	0.0	0.0	0.0	0.0
TGCTAAAAAGATCTAG_TGTGTTCAGGGGGCTG_TTATCGGACAGCGTGC_CCAGCTGGTCCGCCAG_CATTGGAATCCGGGTG_AAAGAGGATGAGAATT	0.0	0.0	0.0	0.0	0.0	0.0	0.0	0.0	0.0	0.0	0.0	0.0	0.0	0.0	0.0	0.01868734661538684	0.0032984651806637934	0.03407622805010989	0.0	0.0	0.0	0.0	0.0	0.0	0.0	0.0	0.0	0.0	0.0	0.0
TGCTAAAAAGATCTAG_TGTGTTCAGGGGGCTG_TTATCGGACAGCGTGC_CCAGCTGGTCCGCCAG_CATTGGAATCCGGGTG_CGGATTCTTCCTGCGC	0.0	0.0	0.0	0.0	0.0	0.0	0.0	0.0	0.0	0.0	0.0	0.0	0.0	0.0	0.0	0.033527457560927745	0.01292567351501793	0.05412924160683756	0.0	0.0	0.0	-0.00943438359041956	-0.015357517217024323	-0.0035112499638147963	0.0	0.0	0.0	0.0	0.0	0.0
CGCGGTGGAACGGAGG_CGCAACATGTAAACTT_AACGATGATACGTGGT_AGTATTATGCGACGCC_GTCAGATCCAGTGTTG_CCATTCTAAGTGGCAA	0.0	0.0	0.0	0.0	0.0	0.0	0.0	0.0	0.0	0.0	0.0	0.0	0.0	0.0	0.0	0.02704038768016697	0.016203561547475813	0.03787721381285813	0.008193840355707454	0.002705670378945952	0.013682010332468957	-0.0017909532898440004	-0.003990704001049955	0.00040879742136195425	-0.027674435348483774	-0.03412229971126976	-0.021226570985697784	0.0	0.0	0.0
TCTAGCGCGGCCGAAT_CTATGAGGTAGAAACA_GAAGGCGGTTTGGCAT_TGGGGATTACGGGCTT_CAACAGGAATCAGCCC_TCCTGCGTGAGCTCCA	0.0	0.0	0.0	0.0	0.0	0.0	0.0	0.0	0.0	0.0	0.0	0.0	0.0	0.0	0.0	0.022177598803684105	0.0028926907413655382	0.04146250686600267	0.0	0.0	0.0	0.0	0.0	0.0	0.0	0.0	0.0	0.0	0.0	0.0
TCTAGCGCGGCCGAAT_CTATGAGGTAGAAACA_CCGGAAAGAGTACGAC_TAGGGAGTGAACCGTT_GAATGGGAAACAGTCG_AATACGCGTTGAGTAG	0.0	0.0	0.0	0.0	0.0	0.0	0.0	0.0	0.0	0.0	0.0	0.0	0.0	0.0	0.0	0.022397111796386343	0.005786457977962244	0.03900776561481044	0.017908712794612407	0.006516066985505725	0.029301358603719088	0.0	0.0	0.0	0.0	0.0	0.0	0.0	0.0	0.0
TCCATTGAGAACAACT_TGCACACCCATGAGTA_GGTTGCAAGCATAGAA_GCTGTCGCGTTTCGTT_TTGCGAGGCCCGGAAT_GACTGCTGCACGTTGA	0.0	0.0	0.0	0.0	0.0	0.0	0.0	0.0	0.0	0.0	0.0	0.0	0.0	0.0	0.0	0.02181376179638877	0.009669883870795204	0.03395763972198233	0.0	0.0	0.0	0.025911826372242347	0.02389158382824404	0.027932068916240654	0.015000000000000001	0.015000000000000001	0.015000000000000001	0.0	0.0	0.0
TCTAGCGCGGCCGAAT_CTATGAGGTAGAAACA_CCGGAAAGAGTACGAC_ATGCCGAGAACGTAGT_GGGCGCGTTTGCACAT_ATGACCAACCCAGGTA	0.0	0.0	0.0	0.0	0.0	0.0	0.0	0.0	0.0	0.0	0.0	0.0	0.0	0.0	0.0	0.02068629169304372	0.0030477455981888606	0.03832483778789858	0.0	0.0	0.0	0.0	0.0	0.0	0.0	0.0	0.0	0.0	0.0	0.0
CGCGGTGGAACGGAGG_CGCAACATGTAAACTT_TCTACGAACGAGTAGC_ATGAAGGTCTACGTTC_AAGCACCAGCGGGTTT_TCGGACTGGGAGCTTG	0.0	0.0	0.0	0.0	0.0	0.0	0.0	0.0	0.0	0.0	0.0	0.0	0.0	0.0	0.0	0.0	0.0	0.0	0.01183963293912062	0.002360746369218585	0.02131851950902266	0.0	0.0	0.0	0.0	0.0	0.0	0.0	0.0	0.0
TCTAGCGCGGCCGAAT_CTATGAGGTAGAAACA_GCCTACGAATACAACC_GCATTATCGGCGTGAG_TTCTTGTACAAGACCA_TGTACGCAAAGGAACC	0.0	0.0	0.0	0.0	0.0	0.0	0.0	0.0	0.0	0.0	0.0	0.0	0.0	0.0	0.0	0.018567615653057496	0.005659300131533505	0.03147593117458149	0.0	0.0	0.0	0.0	0.0	0.0	0.0	0.0	0.0	0.0	0.0	0.0
ACTTCGGGTGTCGTAG_GAACAGTCGAAGAGTA_TGGACATAATGATAGT_ACGGGCTTATCCGGAC_CGTGTGTCGACAGGGA_GCAGATCAGCACGCAT	0.0	0.0	0.0	0.0	0.0	0.0	0.0	0.0	0.0	0.0	0.0	0.0	0.0	0.0	0.0	0.023463326655950585	0.010521702497251479	0.03640495081464969	0.014108199843401134	0.005316783660798682	0.022899616026003586	0.0	0.0	0.0	0.0	0.0	0.0	0.0	0.0	0.0
TCTAGCGCGGCCGAAT_CTATGAGGTAGAAACA_GCCTACGAATACAACC_ATCGGTGTGCCCGCGC_TGTACGTGCCCGTGTA_TAAAGTAATTAGCGCG	0.0	0.0	0.0	0.0	0.0	0.0	0.0	0.0	0.0	0.0	0.0	0.0	0.0	0.0	0.0	0.0	0.0	0.0	0.015226402970471009	0.00236321885645957	0.028089587084482448	0.0	0.0	0.0	0.0	0.0	0.0	0.0	0.0	0.0
TCTAGCGCGGCCGAAT_CTATGAGGTAGAAACA_GAAGGCGGTTTGGCAT_CATTGCGGCGATTCCC_TAGAACCCCAACATTT_CTCGACATGTGCACCG	0.0	0.0	0.0	0.0	0.0	0.0	0.0	0.0	0.0	0.0	0.0	0.0	0.0	0.0	0.0	0.01732347130658578	0.0028804657567147746	0.03176647685645679	0.0	0.0	0.0	0.0	0.0	0.0	0.0	0.0	0.0	0.0	0.0	0.0
TCTAGCGCGGCCGAAT_CTATGAGGTAGAAACA_CCGGAAAGAGTACGAC_CGTTAGTCCTTTTGAT_TGGCGACGTAATGTCG_TGTTGCTGGAGGGCTT	0.0	0.0	0.0	0.0	0.0	0.0	0.0	0.0	0.0	0.0	0.0	0.0	0.0	0.0	0.0	0.025635011767540367	0.004372261889954019	0.04689776164512671	0.0	0.0	0.0	0.0	0.0	0.0	0.0	0.0	0.0	0.0	0.0	0.0
ACTTCGGGTGTCGTAG_GAACAGTCGAAGAGTA_TGGACATAATGATAGT_ACGGGCTTATCCGGAC_CTAGTTGGTTCCCGAG_TCAGTCAATGTGGGAT	0.0	0.0	0.0	0.0	0.0	0.0	0.0	0.0	0.0	0.0	0.0	0.0	0.0	0.0	0.0	0.024277436691106578	0.0137482302386454	0.03480664314356775	0.013849703668496704	0.007489436798771269	0.020209970538222138	0.007132586894481506	0.0027458792000352467	0.011519294588927765	-0.008964292680649964	-0.022568163193037612	0.0046395778317376846	0.0	0.0	0.0
TCTAGCGCGGCCGAAT_CTATGAGGTAGAAACA_TTAAGAGTAAGAGAGT_ATCAGTGTAAAGCCCA_ACTGTATGCAGCGATC_AAAAGCGCAGAGCTGA	0.0	0.0	0.0	0.0	0.0	0.0	0.0	0.0	0.0	0.0	0.0	0.0	0.0	0.0	0.0	0.023088416956535344	0.01033056740148124	0.03584626651158945	0.0	0.0	0.0	0.0	0.0	0.0	0.0	0.0	0.0	0.0	0.0	0.0
TCTAGCGCGGCCGAAT_CTATGAGGTAGAAACA_TTAAGAGTAAGAGAGT_ATCAGTGTAAAGCCCA_ACTGTATGCAGCGATC_ATCGAGCAGAAAGGTC	0.0	0.0	0.0	0.0	0.0	0.0	0.0	0.0	0.0	0.0	0.0	0.0	0.0	0.0	0.0	0.0	0.0	0.0	0.0	0.0	0.0	0.008039717942053786	0.0010162405777552576	0.015063195306352313	0.0	0.0	0.0	0.0	0.0	0.0
TCTAGCGCGGCCGAAT_CTATGAGGTAGAAACA_GAAGGCGGTTTGGCAT_TGCTGCATTGTGGGAG_TCCAGTAGTGCGTCCG_CGAAGGTAAGCCAGGG	0.0	0.0	0.0	0.0	0.0	0.0	0.0	0.0	0.0	0.0	0.0	0.0	0.0	0.0	0.0	0.021931462406218964	0.0049843216059549215	0.03887860320648301	0.0	0.0	0.0	0.0	0.0	0.0	0.0	0.0	0.0	0.0	0.0	0.0
TCTAGCGCGGCCGAAT_CTATGAGGTAGAAACA_CCGGAAAGAGTACGAC_TCAAGGGGCGCAGCCG_ATCCATCGCACAGCGA_TGCAGCGTACTACTAG	0.0	0.0	0.0	0.0	0.0	0.0	0.0	0.0	0.0	0.0	0.0	0.0	0.0	0.0	0.0	0.018077810852458943	0.00447910780033859	0.0316765139045793	0.0	0.0	0.0	0.0	0.0	0.0	0.0	0.0	0.0	0.0	0.0	0.0
TCTAGCGCGGCCGAAT_CTATGAGGTAGAAACA_GCCTACGAATACAACC_CGAACGCGGGTGGCAT_GGTAGTAATGGGTGTA_GACTGGTTCTTGACTG	0.0	0.0	0.0	0.0	0.0	0.0	0.0	0.0	0.0	0.0	0.0	0.0	0.0	0.0	0.0	0.0	0.0	0.0	0.01859957141115623	0.005202566587122585	0.03199657623518987	0.0	0.0	0.0	0.0	0.0	0.0	0.0	0.0	0.0
TCTAGCGCGGCCGAAT_CTATGAGGTAGAAACA_CCGGAAAGAGTACGAC_CTAATGGGCTGATCTG_CTGCAGATCTTTAGCA_CCCAACACACCACCAA	0.0	0.0	0.0	0.0	0.0	0.0	0.0	0.0	0.0	0.0	0.0	0.0	0.0	0.0	0.0	0.02495546249762175	0.00659297744540361	0.04331794754983989	0.0	0.0	0.0	0.0	0.0	0.0	0.0	0.0	0.0	0.0	0.0	0.0
TCTAGCGCGGCCGAAT_CTATGAGGTAGAAACA_GAAGGCGGTTTGGCAT_CATTGCGGCGATTCCC_GAAGGTGATTGTGATT_GTACCGTCTCACATAT	0.0	0.0	0.0	0.0	0.0	0.0	0.0	0.0	0.0	0.0	0.0	0.0	0.0	0.0	0.0	0.0190099192123385	0.0038585270413343045	0.0341613113833427	0.0	0.0	0.0	0.0	0.0	0.0	0.0	0.0	0.0	0.0	0.0	0.0
ACTTCGGGTGTCGTAG_GAACAGTCGAAGAGTA_TGGACATAATGATAGT_ACGGGCTTATCCGGAC_AATACACGGCTCCCAA_TGCGATTAATGCGGCT	0.0	0.0	0.0	0.0	0.0	0.0	0.0	0.0	0.0	0.0	0.0	0.0	0.0	0.0	0.0	0.021277732627573962	0.005536808905468264	0.03701865634967966	0.0	0.0	0.0	0.0	0.0	0.0	0.0	0.0	0.0	0.0	0.0	0.0
TCTAGCGCGGCCGAAT_CTATGAGGTAGAAACA_TAAGTGCGTAAGTGAG_CAGATGGTCGGATATA_CTGGGCGCTGCTGCAT_GCGGAGAGTTCTGCTC	0.0	0.0	0.0	0.0	0.0	0.0	0.0	0.0	0.0	0.0	0.0	0.0	0.0	0.0	0.0	0.01773110959657217	0.003989690540440327	0.03147252865270401	0.0	0.0	0.0	0.0	0.0	0.0	0.0	0.0	0.0	0.0	0.0	0.0
TCTAGCGCGGCCGAAT_CTATGAGGTAGAAACA_GTACAGACTGCATGCT_CTATAACAATTGCGGA_GCCAGCAAGATAATTT_TGCTTGCTGGGTAGTT	0.0	0.0	0.0	0.0	0.0	0.0	0.0	0.0	0.0	0.0	0.0	0.0	0.0	0.0	0.0	0.018137984212082632	0.002859328527965544	0.033416639896199724	0.0	0.0	0.0	0.0	0.0	0.0	0.0	0.0	0.0	0.0	0.0	0.0
TCTAGCGCGGCCGAAT_CTATGAGGTAGAAACA_GATAGATATAGTAAGT_ATTCGGCTCATAAGGG_ACACAGCTCTCCTTCG_AACACTCCCCACGTCC	0.0	0.0	0.0	0.0	0.0	0.0	0.0	0.0	0.0	0.0	0.0	0.0	0.0	0.0	0.0	0.021537763340976755	0.009435512005755781	0.03364001467619773	0.0	0.0	0.0	0.0	0.0	0.0	0.0	0.0	0.0	0.0	0.0	0.0
TCTAGCGCGGCCGAAT_CTATGAGGTAGAAACA_CCGGAAAGAGTACGAC_CTAATGGGCTGATCTG_AAACCATAGCGTCTAC_CTCTGACCTGAAGAGA	0.0	0.0	0.0	0.0	0.0	0.0	0.0	0.0	0.0	0.0	0.0	0.0	0.0	0.0	0.0	0.02078473822176869	0.010219694591528291	0.03134978185200909	0.0	0.0	0.0	0.0	0.0	0.0	0.0	0.0	0.0	0.0	0.0	0.0
TCTAGCGCGGCCGAAT_CTATGAGGTAGAAACA_TTAAGAGTAAGAGAGT_ACCATCAATGCTGCGA_TTGGTTTAATCGAGTC_TCTAGCGAGGCACTGT	0.0	0.0	0.0	0.0	0.0	0.0	0.0	0.0	0.0	0.0	0.0	0.0	0.0	0.0	0.0	0.0	0.0	0.0	0.015486127171160022	0.006056552176429189	0.024915702165890855	0.0	0.0	0.0	0.0	0.0	0.0	0.0	0.0	0.0
TCTAGCGCGGCCGAAT_CTATGAGGTAGAAACA_TTAAGAGTAAGAGAGT_ACCATCAATGCTGCGA_TTGGTTTAATCGAGTC_CCCGTGTGCGTACGTA	0.0	0.0	0.0	0.0	0.0	0.0	0.0	0.0	0.0	0.0	0.0	0.0	0.0	0.0	0.0	0.03559956518271692	0.02139018572256403	0.04980894464286981	0.0	0.0	0.0	0.0	0.0	0.0	0.0	0.0	0.0	0.0	0.0	0.0
CGCGGTGGAACGGAGG_CGCAACATGTAAACTT_AACGATGATACGTGGT_AGTATTATGCGACGCC_TGCCAGTCATGGTGTC_TAACCGGACGAGTTCC	0.0	0.0	0.0	0.0	0.0	0.0	0.0	0.0	0.0	0.0	0.0	0.0	0.0	0.0	0.0	0.0	0.0	0.0	0.011325369424079818	0.0033637852998683014	0.019286953548291335	-0.0010641073531195365	-0.0037167836715956905	0.0015885689653566174	-0.027668074331638808	-0.034026014482735234	-0.02131013418054238	0.0	0.0	0.0
CGCGGTGGAACGGAGG_CGCAACATGTAAACTT_AACGATGATACGTGGT_AGTATTATGCGACGCC_TGCCAGTCATGGTGTC_CGTGTATTTGTTCCCA	0.0	0.0	0.0	0.0	0.0	0.0	0.0	0.0	0.0	0.0	0.0	0.0	0.0	0.0	0.0	0.0	0.0	0.0	0.011531832447403117	0.004527462689729146	0.01853620220507709	0.0	0.0	0.0	-0.0231440995422637	-0.03068572658957897	-0.015602472494948432	0.0	0.0	0.0
CGCGGTGGAACGGAGG_CGCAACATGTAAACTT_AACGATGATACGTGGT_AGTATTATGCGACGCC_TGCCAGTCATGGTGTC_ACGGACAGTTCGCGAG	0.0	0.0	0.0	0.0	0.0	0.0	0.0	0.0	0.0	0.0	0.0	0.0	0.0	0.0	0.0	0.02455480810341415	0.0058406966948417495	0.04326891951198655	0.0	0.0	0.0	-0.006190198338431037	-0.010165518548939687	-0.0022148781279223853	0.0	0.0	0.0	0.0	0.0	0.0
CGCGGTGGAACGGAGG_CGCAACATGTAAACTT_AACGATGATACGTGGT_AGTATTATGCGACGCC_TGCCAGTCATGGTGTC_GTAGCATACGTTCACC	0.0	0.0	0.0	0.0	0.0	0.0	0.0	0.0	0.0	0.0	0.0	0.0	0.0	0.0	0.0	0.02552924332947295	0.011731033551600585	0.03932745310734531	0.01066325905706197	0.005181500532547756	0.01614501758157618	-0.0010998149643056264	-0.003220343163462791	0.0010207132348515383	-0.026144935630022192	-0.03217501837015773	-0.020114852889886653	0.0	0.0	0.0
CGCGGTGGAACGGAGG_CGCAACATGTAAACTT_AACGATGATACGTGGT_AGTATTATGCGACGCC_TGCCAGTCATGGTGTC_GAATGAAAGGTGGAAC	0.0	0.0	0.0	0.0	0.0	0.0	0.0	0.0	0.0	0.0	0.0	0.0	0.0	0.0	0.0	0.028430825253537628	0.017896443902640117	0.03896520660443514	0.007459825960869951	0.00306277099069948	0.011856880931040422	-0.001433302979312867	-0.00337799476448313	0.0005113888058573964	-0.0229731945452485	-0.02799155853659995	-0.01795483055389705	0.0	0.0	0.0
CGCGGTGGAACGGAGG_CGCAACATGTAAACTT_AACGATGATACGTGGT_AGTATTATGCGACGCC_TGCCAGTCATGGTGTC_ACCGTGAGGCAAGGTC	0.0	0.0	0.0	0.0	0.0	0.0	0.0	0.0	0.0	0.0	0.0	0.0	0.0	0.0	0.0	0.0	0.0	0.0	0.0	0.0	0.0	0.009853955887792306	0.0019332732654132843	0.017774638510171328	-0.004346000338545269	-0.018020652653676285	0.009328651976585747	0.0	0.0	0.0
CGCGGTGGAACGGAGG_CGCAACATGTAAACTT_AACGATGATACGTGGT_AGTATTATGCGACGCC_TGCCAGTCATGGTGTC_CCTTTGCGCCGTGGCA	0.0	0.0	0.0	0.0	0.0	0.0	0.0	0.0	0.0	0.0	0.0	0.0	0.0	0.0	0.0	0.02207399282446235	0.011586543479259512	0.03256144216966519	0.0	0.0	0.0	0.0	0.0	0.0	-0.02707063126698479	-0.03360731871289883	-0.020533943821070752	0.0	0.0	0.0
CGCGGTGGAACGGAGG_CGCAACATGTAAACTT_AACGATGATACGTGGT_AGTATTATGCGACGCC_TGCCAGTCATGGTGTC_CTCTTAACCGCTTGAT	0.0	0.0	0.0	0.0	0.0	0.0	0.0	0.0	0.0	0.0	0.0	0.0	0.0	0.0	0.0	0.0	0.0	0.0	0.0	0.0	0.0	0.019154355605463445	0.006331160003036783	0.03197755120789011	0.0	0.0	0.0	0.0	0.0	0.0
TCTAGCGCGGCCGAAT_CTATGAGGTAGAAACA_CAGTGCTGCACACGAC_TACGTCCGGATCGACA_AGACAGCCGTGGGTAA_CTCCAGTCCGGTGATA	0.0	0.0	0.0	0.0	0.0	0.0	0.0	0.0	0.0	0.0	0.0	0.0	0.0	0.0	0.0	0.024171865776401617	0.007138300559477083	0.04120543099332615	0.0	0.0	0.0	0.0	0.0	0.0	0.0	0.0	0.0	0.0	0.0	0.0
TCTAGCGCGGCCGAAT_CTATGAGGTAGAAACA_CCGGAAAGAGTACGAC_ATGCCGAGAACGTAGT_GTGAAGATAGTCAACG_ACATTTGCTGACTGCA	0.0	0.0	0.0	0.0	0.0	0.0	0.0	0.0	0.0	0.0	0.0	0.0	0.0	0.0	0.0	0.027401066736836094	0.010954483217768839	0.04384765025590335	0.014444349317532223	0.0025013113702552926	0.026387387264809152	0.0	0.0	0.0	0.0	0.0	0.0	0.0	0.0	0.0
TCTAGCGCGGCCGAAT_CTATGAGGTAGAAACA_TAAGTGCGTAAGTGAG_TCAGGTCAAAAGCCAT_AGACGTCCGATCTATG_TAAGGAATCGCTCCTC	0.0	0.0	0.0	0.0	0.0	0.0	0.0	0.0	0.0	0.0	0.0	0.0	0.0	0.0	0.0	0.0	0.0	0.0	0.018009104262602712	0.001055546864150731	0.03496266166105469	0.02050735296688428	0.007064209205981949	0.03395049672778661	0.0	0.0	0.0	0.0	0.0	0.0
TCTAGCGCGGCCGAAT_CTATGAGGTAGAAACA_TAAGTGCGTAAGTGAG_TCAGGTCAAAAGCCAT_AGACGTCCGATCTATG_GACTGCGGGGCTTATC	0.0	0.0	0.0	0.0	0.0	0.0	0.0	0.0	0.0	0.0	0.0	0.0	0.0	0.0	0.0	0.02533624132198447	0.016368621074627998	0.03430386156934094	0.019701893423976775	0.015228498877607993	0.024175287970345558	0.009847190599443955	0.007377000027535674	0.012317381171352237	-0.01506356283893858	-0.022709281870971022	-0.007417843806906136	0.0	0.0	0.0
TCTAGCGCGGCCGAAT_CTATGAGGTAGAAACA_TAAGTGCGTAAGTGAG_TCAGGTCAAAAGCCAT_AGACGTCCGATCTATG_TCAGGGCCAGGGACCA	0.0	0.0	0.0	0.0	0.0	0.0	0.0	0.0	0.0	0.0	0.0	0.0	0.0	0.0	0.0	0.0	0.0	0.0	0.021380302055878025	0.004704325624495399	0.03805627848726065	0.0	0.0	0.0	0.0	0.0	0.0	0.0	0.0	0.0
TCTAGCGCGGCCGAAT_CTATGAGGTAGAAACA_TAAGTGCGTAAGTGAG_TCAGGTCAAAAGCCAT_AGACGTCCGATCTATG_GATACATCACAGCTGA	0.0	0.0	0.0	0.0	0.0	0.0	0.0	0.0	0.0	0.0	0.0	0.0	0.0	0.0	0.0	0.0	0.0	0.0	0.0	0.0	0.0	0.013381041226642503	0.006788330872898152	0.019973751580386855	0.0	0.0	0.0	0.0	0.0	0.0
TCTAGCGCGGCCGAAT_CTATGAGGTAGAAACA_TAAGTGCGTAAGTGAG_TCAGGTCAAAAGCCAT_AGACGTCCGATCTATG_GACCCTAGACTTATGT	0.0	0.0	0.0	0.0	0.0	0.0	0.0	0.0	0.0	0.0	0.0	0.0	0.0	0.0	0.0	0.0	0.0	0.0	0.017154471918410883	0.008676894382911868	0.0256320494539099	0.011759564657217565	0.007863233109299296	0.015655896205135834	-0.00976805211551275	-0.019340610990570307	-0.00019549324045519192	0.0	0.0	0.0
TCTAGCGCGGCCGAAT_CTATGAGGTAGAAACA_CCGGAAAGAGTACGAC_ATGCCGAGAACGTAGT_TGTGAATCCGGGTGCA_AAGTACCAAAAGGTGT	0.0	0.0	0.0	0.0	0.0	0.0	0.0	0.0	0.0	0.0	0.0	0.0	0.0	0.0	0.0	0.021624283776805135	0.002222853454447473	0.041025714099162794	0.01675035609129055	0.00358121579420422	0.029919496388376876	0.0	0.0	0.0	0.0	0.0	0.0	0.0	0.0	0.0
TCTAGCGCGGCCGAAT_CTATGAGGTAGAAACA_CCGGAAAGAGTACGAC_ATGCCGAGAACGTAGT_TGTGAATCCGGGTGCA_CACTATCGCCCCGATG	0.0	0.0	0.0	0.0	0.0	0.0	0.0	0.0	0.0	0.0	0.0	0.0	0.0	0.0	0.0	0.0	0.0	0.0	0.018263924761107823	0.002639449231232001	0.033888400290983646	0.0	0.0	0.0	0.0	0.0	0.0	0.0	0.0	0.0
TCTAGCGCGGCCGAAT_CTATGAGGTAGAAACA_CCGGAAAGAGTACGAC_ATGCCGAGAACGTAGT_TGTGAATCCGGGTGCA_TCCTGCGTCCTAGTAG	0.0	0.0	0.0	0.0	0.0	0.0	0.0	0.0	0.0	0.0	0.0	0.0	0.0	0.0	0.0	0.021774449863055413	0.00789524939382704	0.035653650332283786	0.0	0.0	0.0	0.0	0.0	0.0	0.0	0.0	0.0	0.0	0.0	0.0
TCTAGCGCGGCCGAAT_CTATGAGGTAGAAACA_GTACAGACTGCATGCT_CTATAACAATTGCGGA_CATTCCCATGTCGATA_CGAGAACCGCCTTCCT	0.0	0.0	0.0	0.0	0.0	0.0	0.0	0.0	0.0	0.0	0.0	0.0	0.0	0.0	0.0	0.01884187767516463	0.0029095700420915596	0.0347741853082377	0.0	0.0	0.0	0.0	0.0	0.0	0.0	0.0	0.0	0.0	0.0	0.0
TCTAGCGCGGCCGAAT_CTATGAGGTAGAAACA_CCGGAAAGAGTACGAC_AGGTCCCCGACTTTAA_GGTGCGGTGTTAAGCC_AACCGCGGAACCCGCG	0.0	0.0	0.0	0.0	0.0	0.0	0.0	0.0	0.0	0.0	0.0	0.0	0.0	0.0	0.0	0.02659781448047669	0.01019638973117707	0.04299923922977631	0.0	0.0	0.0	0.0	0.0	0.0	0.0	0.0	0.0	0.0	0.0	0.0
CGCGGTGGAACGGAGG_CGCAACATGTAAACTT_AACGATGATACGTGGT_AGTATTATGCGACGCC_GTGTCTGGTGCCCCCG_GTTGCCGGAATATGAG	0.0	0.0	0.0	0.0	0.0	0.0	0.0	0.0	0.0	0.0	0.0	0.0	0.0	0.0	0.0	0.0	0.0	0.0	0.011367517788434466	0.004063123331419776	0.018671912245449156	-0.0011726916616934106	-0.004374139972868499	0.002028756649481678	0.0	0.0	0.0	0.0	0.0	0.0
CGCGGTGGAACGGAGG_CGCAACATGTAAACTT_AACGATGATACGTGGT_AGTATTATGCGACGCC_GTGTCTGGTGCCCCCG_TGGTTTGCAGTGACTC	0.0	0.0	0.0	0.0	0.0	0.0	0.0	0.0	0.0	0.0	0.0	0.0	0.0	0.0	0.0	0.024139543117477208	0.001723907215351296	0.04655517901960312	0.0	0.0	0.0	-0.0107339729092587	-0.018511866182514852	-0.002956079636002548	0.0	0.0	0.0	0.0	0.0	0.0
TCTAGCGCGGCCGAAT_CTATGAGGTAGAAACA_CCGGAAAGAGTACGAC_CCTCCTGTTCATTACC_ATCTTTCAGCGGCTGC_CGGCACTAACGGCGAA	0.0	0.0	0.0	0.0	0.0	0.0	0.0	0.0	0.0	0.0	0.0	0.0	0.0	0.0	0.0	0.023967339809604478	0.008830272678707398	0.03910440694050156	0.0	0.0	0.0	0.0	0.0	0.0	0.0	0.0	0.0	0.0	0.0	0.0
TCTAGCGCGGCCGAAT_CTATGAGGTAGAAACA_CCGGAAAGAGTACGAC_CTAATGGGCTGATCTG_TTAATAGGGTAGGGGG_GGACTGCCGTATGGAC	0.0	0.0	0.0	0.0	0.0	0.0	0.0	0.0	0.0	0.0	0.0	0.0	0.0	0.0	0.0	0.02160855573495974	0.00688451681778674	0.03633259465213274	0.0	0.0	0.0	0.0	0.0	0.0	0.0	0.0	0.0	0.0	0.0	0.0
TCTAGCGCGGCCGAAT_CTATGAGGTAGAAACA_TAAGTGCGTAAGTGAG_CTGGTGTGTGGTGCGG_CCTTGGACGCAGTGCA_TGGGATTCCCTGGCAT	0.0	0.0	0.0	0.0	0.0	0.0	0.0	0.0	0.0	0.0	0.0	0.0	0.0	0.0	0.0	0.02587188585703478	0.007120599195320043	0.04462317251874952	0.0	0.0	0.0	0.0	0.0	0.0	0.0	0.0	0.0	0.0	0.0	0.0
TCTAGCGCGGCCGAAT_CTATGAGGTAGAAACA_CCGGAAAGAGTACGAC_GCTGACGCTGTCGATC_AGAGTGCAATTGCTGG_TGATCCGACAGGGCTC	0.0	0.0	0.0	0.0	0.0	0.0	0.0	0.0	0.0	0.0	0.0	0.0	0.0	0.0	0.0	0.01606411913524562	0.005658301596860404	0.02646993667363083	0.0	0.0	0.0	0.0	0.0	0.0	0.0	0.0	0.0	0.0	0.0	0.0
TCTAGCGCGGCCGAAT_CTATGAGGTAGAAACA_TAAGTGCGTAAGTGAG_CTTCTGACGACCGCTG_GCGAAGAAAAATGCGG_ACCGTATTGCAAGCAA	0.0	0.0	0.0	0.0	0.0	0.0	0.0	0.0	0.0	0.0	0.0	0.0	0.0	0.0	0.0	0.02079512998816379	0.0023342320422093284	0.039256027934118254	0.0	0.0	0.0	0.0	0.0	0.0	0.0	0.0	0.0	0.0	0.0	0.0
TCTAGCGCGGCCGAAT_CTATGAGGTAGAAACA_CCGGAAAGAGTACGAC_CTAATGGGCTGATCTG_GGACGCGTTTTGCAGT_AATCCACGGAAGGTCA	0.0	0.0	0.0	0.0	0.0	0.0	0.0	0.0	0.0	0.0	0.0	0.0	0.0	0.0	0.0	0.025989000907387372	0.013301148271350663	0.03867685354342408	0.0	0.0	0.0	0.0	0.0	0.0	0.0	0.0	0.0	0.0	0.0	0.0
TCTAGCGCGGCCGAAT_CTATGAGGTAGAAACA_GAAGGCGGTTTGGCAT_GTTGCCACTACGGGCA_AATAACCTAAACCATG_CCCACGCTCGACTCTC	0.0	0.0	0.0	0.0	0.0	0.0	0.0	0.0	0.0	0.0	0.0	0.0	0.0	0.0	0.0	0.016990412566623696	0.004015794735559321	0.02996503039768807	0.0	0.0	0.0	0.0	0.0	0.0	0.0	0.0	0.0	0.0	0.0	0.0
TCTAGCGCGGCCGAAT_CTATGAGGTAGAAACA_GAAGGCGGTTTGGCAT_CTCGGCAATTCCCCGG_CGGCGTTGGGGGGACT_TCCTGTCGAGGTTGGA	0.0	0.0	0.0	0.0	0.0	0.0	0.0	0.0	0.0	0.0	0.0	0.0	0.0	0.0	0.0	0.02430168244808229	0.005961780057807144	0.042641584838357435	0.0	0.0	0.0	0.0	0.0	0.0	0.0	0.0	0.0	0.0	0.0	0.0
TCTAGCGCGGCCGAAT_CTATGAGGTAGAAACA_CCGGAAAGAGTACGAC_CGTTAGTCCTTTTGAT_ACGACGGTACTGTTGC_CTTGGAGATGTTACGA	0.0	0.0	0.0	0.0	0.0	0.0	0.0	0.0	0.0	0.0	0.0	0.0	0.0	0.0	0.0	0.01689359817038513	0.0039060746345787444	0.02988112170619151	0.0	0.0	0.0	0.0	0.0	0.0	0.0	0.0	0.0	0.0	0.0	0.0
TCTAGCGCGGCCGAAT_CTATGAGGTAGAAACA_GATAGATATAGTAAGT_CCCGTGAAGGACATTT_TGAGACTGGCGCGGCA_TAAGAAGCCCTTCCAT	0.0	0.0	0.0	0.0	0.0	0.0	0.0	0.0	0.0	0.0	0.0	0.0	0.0	0.0	0.0	0.02046516124849974	0.004835610052067552	0.036094712444931926	0.0	0.0	0.0	0.0	0.0	0.0	0.0	0.0	0.0	0.0	0.0	0.0
TCTAGCGCGGCCGAAT_CTATGAGGTAGAAACA_CCGGAAAGAGTACGAC_CTAATGGGCTGATCTG_AGGGTTCCGCAACGTC_ACCTATGATCGCATAA	0.0	0.0	0.0	0.0	0.0	0.0	0.0	0.0	0.0	0.0	0.0	0.0	0.0	0.0	0.0	0.0	0.0	0.0	0.014810382216241997	0.0060400695786247335	0.02358069485385926	0.009696530680428476	0.003968219977855504	0.015424841383001448	0.0	0.0	0.0	0.0	0.0	0.0
TCTAGCGCGGCCGAAT_CTATGAGGTAGAAACA_CCGGAAAGAGTACGAC_CTAATGGGCTGATCTG_AGGGTTCCGCAACGTC_AGATGCGTTTTGTGTA	0.0	0.0	0.0	0.0	0.0	0.0	0.0	0.0	0.0	0.0	0.0	0.0	0.0	0.0	0.0	0.0	0.0	0.0	0.012600586290161373	0.002897888647883661	0.022303283932439084	0.0	0.0	0.0	0.0	0.0	0.0	0.0	0.0	0.0
TCTAGCGCGGCCGAAT_CTATGAGGTAGAAACA_CCGGAAAGAGTACGAC_CTAATGGGCTGATCTG_AGGGTTCCGCAACGTC_GTTATCGGAGAAGGTT	0.0	0.0	0.0	0.0	0.0	0.0	0.0	0.0	0.0	0.0	0.0	0.0	0.0	0.0	0.0	0.0	0.0	0.0	0.016682204290730283	0.009260660931813817	0.024103747649646748	0.007883119554920978	0.002643680204187043	0.013122558905654913	0.0	0.0	0.0	0.0	0.0	0.0
TCTAGCGCGGCCGAAT_CTATGAGGTAGAAACA_CCGGAAAGAGTACGAC_CTAATGGGCTGATCTG_AGGGTTCCGCAACGTC_TCCTGGAAGGAAGGTA	0.0	0.0	0.0	0.0	0.0	0.0	0.0	0.0	0.0	0.0	0.0	0.0	0.0	0.0	0.0	0.024896166571637367	0.011776985021101069	0.038015348122173664	0.01455008171457132	0.007627395249092232	0.02147276818005041	0.0	0.0	0.0	0.0	0.0	0.0	0.0	0.0	0.0
TCTAGCGCGGCCGAAT_CTATGAGGTAGAAACA_CCGGAAAGAGTACGAC_TCAAGGGGCGCAGCCG_TAGCAATTCTGCCTGT_GCTAAACGGTCCATTA	0.0	0.0	0.0	0.0	0.0	0.0	0.0	0.0	0.0	0.0	0.0	0.0	0.0	0.0	0.0	0.02177481223382849	0.005263560140070674	0.0382860643275863	0.0	0.0	0.0	0.0	0.0	0.0	0.0	0.0	0.0	0.0	0.0	0.0
TCTAGCGCGGCCGAAT_CTATGAGGTAGAAACA_GAAGGCGGTTTGGCAT_TGCTGCATTGTGGGAG_TGAGCTCAGAGCGCAA_CCCTGGTGACCATGGC	0.0	0.0	0.0	0.0	0.0	0.0	0.0	0.0	0.0	0.0	0.0	0.0	0.0	0.0	0.0	0.019030959277696817	0.006213537783756631	0.031848380771637	0.0	0.0	0.0	0.0	0.0	0.0	0.0	0.0	0.0	0.0	0.0	0.0
TCTAGCGCGGCCGAAT_CTATGAGGTAGAAACA_CCGGAAAGAGTACGAC_CTAATGGGCTGATCTG_TGGCAGCAGGGCAAAA_ATGATGCCATTCAGTT	0.0	0.0	0.0	0.0	0.0	0.0	0.0	0.0	0.0	0.0	0.0	0.0	0.0	0.0	0.0	0.0	0.0	0.0	0.014197754145165678	0.001277848810153798	0.02711765948017756	0.0	0.0	0.0	0.0	0.0	0.0	0.0	0.0	0.0
TCTAGCGCGGCCGAAT_CTATGAGGTAGAAACA_CAGTGCTGCACACGAC_AACACATATTTGCTCA_CCCATCGATTCGCATA_AGATATTGATCGAGAG	0.0	0.0	0.0	0.0	0.0	0.0	0.0	0.0	0.0	0.0	0.0	0.0	0.0	0.0	0.0	0.02061527156621695	0.006290592987652338	0.03493995014478156	0.0	0.0	0.0	0.0	0.0	0.0	0.0	0.0	0.0	0.0	0.0	0.0
TCTAGCGCGGCCGAAT_CTATGAGGTAGAAACA_GATAGATATAGTAAGT_GTACCGCGTGTGCCTT_TGCATGATGGCATCGC_GGCGGCCCTGTTGATC	0.0	0.0	0.0	0.0	0.0	0.0	0.0	0.0	0.0	0.0	0.0	0.0	0.0	0.0	0.0	0.021848617032808805	0.0018497383094287952	0.04184749575618882	0.0	0.0	0.0	0.0	0.0	0.0	0.0	0.0	0.0	0.0	0.0	0.0
GTTTAATTTAATCGTG_TCCACTGCTTTAAGTG_TAACGAACACGTACGC_TAGCCTGAGACTGTAT_AGAATACTGTAACCTC_GAACCGCTGTCTATCA	0.0	0.0	0.0	0.0	0.0	0.0	0.0	0.0	0.0	0.0	0.0	0.0	0.0	0.0	0.0	0.01989474175878388	0.00685218251728526	0.0329373010002825	0.0	0.0	0.0	0.0	0.0	0.0	0.0	0.0	0.0	0.0	0.0	0.0
TCTAGCGCGGCCGAAT_CTATGAGGTAGAAACA_CCGGAAAGAGTACGAC_TAGGGAGTGAACCGTT_TCGATGTGACTATTCC_TCTCGTTACAGGGCTG	0.0	0.0	0.0	0.0	0.0	0.0	0.0	0.0	0.0	0.0	0.0	0.0	0.0	0.0	0.0	0.021685971450369608	0.008460187191842503	0.034911755708896715	0.0	0.0	0.0	0.0	0.0	0.0	0.0	0.0	0.0	0.0	0.0	0.0
TCTAGCGCGGCCGAAT_CTATGAGGTAGAAACA_CCGGAAAGAGTACGAC_TAGGGAGTGAACCGTT_GCGCAATTTAGGGGAA_GAATCGAATGCAAGAA	0.0	0.0	0.0	0.0	0.0	0.0	0.0	0.0	0.0	0.0	0.0	0.0	0.0	0.0	0.0	0.020913368581760957	0.007257236434975974	0.03456950072854594	0.0	0.0	0.0	0.0	0.0	0.0	0.0	0.0	0.0	0.0	0.0	0.0
TCTAGCGCGGCCGAAT_CTATGAGGTAGAAACA_CCGGAAAGAGTACGAC_TAGGGAGTGAACCGTT_GCGCAATTTAGGGGAA_CCCTACGAGTTTTTAT	0.0	0.0	0.0	0.0	0.0	0.0	0.0	0.0	0.0	0.0	0.0	0.0	0.0	0.0	0.0	0.015247565345031359	0.0045371774610953285	0.02595795322896739	0.0	0.0	0.0	0.0	0.0	0.0	0.0	0.0	0.0	0.0	0.0	0.0
TCTAGCGCGGCCGAAT_CTATGAGGTAGAAACA_CCGGAAAGAGTACGAC_TAGGGAGTGAACCGTT_TTGGTATATGCGGTGT_GGCCTCTTCTGAGTTC	0.0	0.0	0.0	0.0	0.0	0.0	0.0	0.0	0.0	0.0	0.0	0.0	0.0	0.0	0.0	0.02269597161174682	0.008199127323327025	0.03719281590016661	0.0	0.0	0.0	0.0	0.0	0.0	0.0	0.0	0.0	0.0	0.0	0.0
TCTAGCGCGGCCGAAT_CTATGAGGTAGAAACA_GCCTACGAATACAACC_GAGTACAAGGCGAAGT_GCAGTCCGCTGGCCCT_AAGTTAGAATCTTCCG	0.0	0.0	0.0	0.0	0.0	0.0	0.0	0.0	0.0	0.0	0.0	0.0	0.0	0.0	0.0	0.0	0.0	0.0	0.022125948920984035	0.005315907008077315	0.03893599083389075	0.0	0.0	0.0	0.0	0.0	0.0	0.0	0.0	0.0
TCTAGCGCGGCCGAAT_CTATGAGGTAGAAACA_GCCTACGAATACAACC_GAGTACAAGGCGAAGT_GCAGTCCGCTGGCCCT_GAGAACGGGTGATGAC	0.0	0.0	0.0	0.0	0.0	0.0	0.0	0.0	0.0	0.0	0.0	0.0	0.0	0.0	0.0	0.025956571276597274	0.01066725912712322	0.04124588342607133	0.01971584273140555	0.010728660969670314	0.02870302449314079	0.0	0.0	0.0	0.0	0.0	0.0	0.0	0.0	0.0
TCTAGCGCGGCCGAAT_CTATGAGGTAGAAACA_GCCTACGAATACAACC_GAGTACAAGGCGAAGT_GCAGTCCGCTGGCCCT_TAGTTGGATCTGCTCC	0.0	0.0	0.0	0.0	0.0	0.0	0.0	0.0	0.0	0.0	0.0	0.0	0.0	0.0	0.0	0.02465114200210529	0.015597275793206819	0.03370500821100376	0.020964595594588877	0.015524324946508891	0.026404866242668863	0.007593895026814941	0.003776694731075999	0.011411095322553882	0.0	0.0	0.0	0.0	0.0	0.0
TCTAGCGCGGCCGAAT_CTATGAGGTAGAAACA_GCCTACGAATACAACC_GAGTACAAGGCGAAGT_GCAGTCCGCTGGCCCT_GACTCTGACGTGGGCA	0.0	0.0	0.0	0.0	0.0	0.0	0.0	0.0	0.0	0.0	0.0	0.0	0.0	0.0	0.0	0.024803970219659934	0.018066734037942497	0.03154120640137737	0.01899665332845151	0.015521848288558647	0.022471458368344376	0.006045151814452693	0.0029629564055389857	0.009127347223366401	0.0	0.0	0.0	0.0	0.0	0.0
TCTAGCGCGGCCGAAT_CTATGAGGTAGAAACA_GCCTACGAATACAACC_GAGTACAAGGCGAAGT_GCAGTCCGCTGGCCCT_TCCTCTGCCGGGTCAC	0.0	0.0	0.0	0.0	0.0	0.0	0.0	0.0	0.0	0.0	0.0	0.0	0.0	0.0	0.0	0.0	0.0	0.0	0.0	0.0	0.0	0.012591425153188562	0.007616429015335006	0.01756642129104212	-0.009957232919557427	-0.02004499510902165	0.00013052926990679385	0.0	0.0	0.0
TCTAGCGCGGCCGAAT_CTATGAGGTAGAAACA_GCCTACGAATACAACC_GAGTACAAGGCGAAGT_GCAGTCCGCTGGCCCT_AGAACGAGGGACTCGG	0.0	0.0	0.0	0.0	0.0	0.0	0.0	0.0	0.0	0.0	0.0	0.0	0.0	0.0	0.0	0.0	0.0	0.0	0.019566546797026053	0.008026534419288769	0.031106559174763338	0.0	0.0	0.0	0.0	0.0	0.0	0.0	0.0	0.0
TCTAGCGCGGCCGAAT_CTATGAGGTAGAAACA_GCCTACGAATACAACC_GAGTACAAGGCGAAGT_GCAGTCCGCTGGCCCT_GTTAACACCACAACCG	0.0	0.0	0.0	0.0	0.0	0.0	0.0	0.0	0.0	0.0	0.0	0.0	0.0	0.0	0.0	0.0	0.0	0.0	0.02194836666259597	0.010611608048407729	0.03328512527678421	0.0	0.0	0.0	0.0	0.0	0.0	0.0	0.0	0.0
TCTAGCGCGGCCGAAT_CTATGAGGTAGAAACA_GCCTACGAATACAACC_GAGTACAAGGCGAAGT_GCAGTCCGCTGGCCCT_AGATCGGATCGCACCT	0.0	0.0	0.0	0.0	0.0	0.0	0.0	0.0	0.0	0.0	0.0	0.0	0.0	0.0	0.0	0.021945142546481163	0.012341470166766238	0.031548814926196087	0.017825665747555904	0.013265814609624843	0.022385516885486963	0.0	0.0	0.0	0.0	0.0	0.0	0.0	0.0	0.0
TCTAGCGCGGCCGAAT_CTATGAGGTAGAAACA_GCCTACGAATACAACC_GAGTACAAGGCGAAGT_GCAGTCCGCTGGCCCT_AGAAACGCGTTGAGAA	0.0	0.0	0.0	0.0	0.0	0.0	0.0	0.0	0.0	0.0	0.0	0.0	0.0	0.0	0.0	0.024445229083550263	0.006567489353750535	0.04232296881334999	0.025257287408576856	0.012941853181767861	0.03757272163538585	0.0086691877148533	0.0004537879454469332	0.016884587484259667	0.0	0.0	0.0	0.0	0.0	0.0
TCTAGCGCGGCCGAAT_CTATGAGGTAGAAACA_CAGTGCTGCACACGAC_CACTTGAAGAGCAGCC_TATTTGTTCGGCATAC_TTCGGGGAGCATTTAG	0.0	0.0	0.0	0.0	0.0	0.0	0.0	0.0	0.0	0.0	0.0	0.0	0.0	0.0	0.0	0.025385065164724458	0.006026499762868422	0.0447436305665805	0.0	0.0	0.0	0.0	0.0	0.0	0.0	0.0	0.0	0.0	0.0	0.0
CGCGGTGGAACGGAGG_CGCAACATGTAAACTT_AACGGCGGTGCTAGCC_CCTGCCTTATGGGCGC_GGGAGGAGTCACTTAT_AATCCAGGTTACGCGG	0.0	0.0	0.0	0.0	0.0	0.0	0.0	0.0	0.0	0.0	0.0	0.0	0.0	0.0	0.0	0.02227137964260312	0.001387649244461931	0.04315511004074431	0.0	0.0	0.0	0.0	0.0	0.0	0.0	0.0	0.0	0.0	0.0	0.0
TCTAGCGCGGCCGAAT_CTATGAGGTAGAAACA_CCGGAAAGAGTACGAC_CGCTGCTGGACTGTCT_CTACTGTCATCGCAAA_TACTGGTCGCCGACGA	0.0	0.0	0.0	0.0	0.0	0.0	0.0	0.0	0.0	0.0	0.0	0.0	0.0	0.0	0.0	0.017905974017821714	0.0042877090763899315	0.0315242389592535	0.0	0.0	0.0	0.0	0.0	0.0	0.0	0.0	0.0	0.0	0.0	0.0
TCTAGCGCGGCCGAAT_CTATGAGGTAGAAACA_CAGTGCTGCACACGAC_CACTTGAAGAGCAGCC_CCATGGTATATCTGAC_CAGGTTGCTTCTGCTC	0.0	0.0	0.0	0.0	0.0	0.0	0.0	0.0	0.0	0.0	0.0	0.0	0.0	0.0	0.0	0.021278421067794068	0.005285299840144742	0.0372715422954434	0.0	0.0	0.0	0.0	0.0	0.0	0.0	0.0	0.0	0.0	0.0	0.0
TCTAGCGCGGCCGAAT_CTATGAGGTAGAAACA_CCGGAAAGAGTACGAC_TGCGTAGAATATTGCG_GCGCCACTCTGTGTTC_ACAATCCTGTAACCAT	0.0	0.0	0.0	0.0	0.0	0.0	0.0	0.0	0.0	0.0	0.0	0.0	0.0	0.0	0.0	0.02352313854108677	0.004340388495693306	0.04270588858648024	0.0	0.0	0.0	0.0	0.0	0.0	0.0	0.0	0.0	0.0	0.0	0.0
TCTAGCGCGGCCGAAT_CTATGAGGTAGAAACA_CCGGAAAGAGTACGAC_TGCGTAGAATATTGCG_GCGCCACTCTGTGTTC_ACTAGTAACGAACTGT	0.0	0.0	0.0	0.0	0.0	0.0	0.0	0.0	0.0	0.0	0.0	0.0	0.0	0.0	0.0	0.02508366140735757	0.013584229690600151	0.03658309312411499	0.0	0.0	0.0	0.0	0.0	0.0	0.0	0.0	0.0	0.0	0.0	0.0
TCTAGCGCGGCCGAAT_CTATGAGGTAGAAACA_CCGGAAAGAGTACGAC_TGCGTAGAATATTGCG_GCGCCACTCTGTGTTC_TAGGATTCCGCGAGTC	0.0	0.0	0.0	0.0	0.0	0.0	0.0	0.0	0.0	0.0	0.0	0.0	0.0	0.0	0.0	0.02063091418896568	0.00369088451289502	0.037570943865036344	0.0	0.0	0.0	0.0	0.0	0.0	0.0	0.0	0.0	0.0	0.0	0.0
TCTAGCGCGGCCGAAT_CTATGAGGTAGAAACA_CCGGAAAGAGTACGAC_AATCGGGACTCCTATG_CATTGACACAGCTAAA_GGACCAGCTGAAATCT	0.0	0.0	0.0	0.0	0.0	0.0	0.0	0.0	0.0	0.0	0.0	0.0	0.0	0.0	0.0	0.020862868869128904	0.005380271604211059	0.03634546613404675	0.0	0.0	0.0	0.0	0.0	0.0	0.0	0.0	0.0	0.0	0.0	0.0
TCTAGCGCGGCCGAAT_CTATGAGGTAGAAACA_CCGGAAAGAGTACGAC_AATCGGGACTCCTATG_CATTGACACAGCTAAA_CAAATTCCAAGGGTAA	0.0	0.0	0.0	0.0	0.0	0.0	0.0	0.0	0.0	0.0	0.0	0.0	0.0	0.0	0.0	0.0	0.0	0.0	0.0	0.0	0.0	0.01569482258151381	0.0006419790831419248	0.030747666079885695	0.0	0.0	0.0	0.0	0.0	0.0
TCTAGCGCGGCCGAAT_CTATGAGGTAGAAACA_GTACAGACTGCATGCT_CTATAACAATTGCGGA_ATATGGAGGCGGTGTA_GTGAATTAAACAGTGA	0.0	0.0	0.0	0.0	0.0	0.0	0.0	0.0	0.0	0.0	0.0	0.0	0.0	0.0	0.0	0.0	0.0	0.0	0.02723251762382677	0.005835012312802302	0.04863002293485123	0.0	0.0	0.0	0.0	0.0	0.0	0.0	0.0	0.0
TCTAGCGCGGCCGAAT_CTATGAGGTAGAAACA_GTACAGACTGCATGCT_CTATAACAATTGCGGA_ATATGGAGGCGGTGTA_ACGCAATCATACTGTG	0.0	0.0	0.0	0.0	0.0	0.0	0.0	0.0	0.0	0.0	0.0	0.0	0.0	0.0	0.0	0.022834289433225734	0.006662839548350806	0.03900573931810066	0.0	0.0	0.0	0.0	0.0	0.0	0.0	0.0	0.0	0.0	0.0	0.0
TCTAGCGCGGCCGAAT_CTATGAGGTAGAAACA_CCGGAAAGAGTACGAC_AGGTCCCCGACTTTAA_ATGCGGATGTCATAAC_TGATACACGTAAAAGG	0.0	0.0	0.0	0.0	0.0	0.0	0.0	0.0	0.0	0.0	0.0	0.0	0.0	0.0	0.0	0.02165896661172615	0.0047490418961918905	0.03856889132726041	0.0	0.0	0.0	0.0	0.0	0.0	0.0	0.0	0.0	0.0	0.0	0.0
TCTAGCGCGGCCGAAT_CTATGAGGTAGAAACA_CGCTTAGTACCCGGAT_AACGGAGCAACTGCAG_AGCCATTACCTCTGCC_ACACCCCACTGAGTTT	0.0	0.0	0.0	0.0	0.0	0.0	0.0	0.0	0.0	0.0	0.0	0.0	0.0	0.0	0.0	0.018065817252552532	0.0020075039719542817	0.03412413053315078	0.0	0.0	0.0	0.0	0.0	0.0	0.0	0.0	0.0	0.0	0.0	0.0
TCTAGCGCGGCCGAAT_CTATGAGGTAGAAACA_CCGGAAAGAGTACGAC_TGCGTAGAATATTGCG_TCAGCTTCCCAAGAAA_GTTAGTAATAGAACCG	0.0	0.0	0.0	0.0	0.0	0.0	0.0	0.0	0.0	0.0	0.0	0.0	0.0	0.0	0.0	0.025792338033987876	0.010733206045856248	0.0408514700221195	0.0	0.0	0.0	0.0	0.0	0.0	0.0	0.0	0.0	0.0	0.0	0.0
TCTAGCGCGGCCGAAT_CTATGAGGTAGAAACA_GAAGGCGGTTTGGCAT_AAAATGGGATAGGTCC_GCCCTAGTCCTTGAGC_TACCCGGGTCTGCCAT	0.0	0.0	0.0	0.0	0.0	0.0	0.0	0.0	0.0	0.0	0.0	0.0	0.0	0.0	0.0	0.01953730332640565	0.0030772714661126237	0.035997335186698676	0.0	0.0	0.0	0.0	0.0	0.0	0.0	0.0	0.0	0.0	0.0	0.0
TCTAGCGCGGCCGAAT_CTATGAGGTAGAAACA_GAAGGCGGTTTGGCAT_TGCTGCATTGTGGGAG_ACGGGTAGATCGACCA_GTGGGGAGGAAAATTC	0.0	0.0	0.0	0.0	0.0	0.0	0.0	0.0	0.0	0.0	0.0	0.0	0.0	0.0	0.0	0.0	0.0	0.0	0.0	0.0	0.0	0.011915432615329364	0.007067778693701492	0.016763086536957236	0.0	0.0	0.0	0.0	0.0	0.0
TCTAGCGCGGCCGAAT_CTATGAGGTAGAAACA_GAAGGCGGTTTGGCAT_GAATGGAGATAGCATA_ATCTCTAGCCAATGTC_TTTACGGCCGCCGATG	0.0	0.0	0.0	0.0	0.0	0.0	0.0	0.0	0.0	0.0	0.0	0.0	0.0	0.0	0.0	0.0	0.0	0.0	0.014987188910242418	0.0028895733811823976	0.02708480443930244	0.0	0.0	0.0	0.0	0.0	0.0	0.0	0.0	0.0
TCTAGCGCGGCCGAAT_CTATGAGGTAGAAACA_CAGTGCTGCACACGAC_TTGCTGGCGCCGAGGT_ATTGGGCAAGGCGTAG_TCTACACCGGAACCCA	0.0	0.0	0.0	0.0	0.0	0.0	0.0	0.0	0.0	0.0	0.0	0.0	0.0	0.0	0.0	0.02126534534432706	0.004941222743817378	0.037589467944836745	0.0	0.0	0.0	0.0	0.0	0.0	0.0	0.0	0.0	0.0	0.0	0.0
TCTAGCGCGGCCGAAT_CTATGAGGTAGAAACA_CCGGAAAGAGTACGAC_TCAAGGGGCGCAGCCG_GCCTGTTCAGCCTCTT_CCACAGTTCGGGAGAG	0.0	0.0	0.0	0.0	0.0	0.0	0.0	0.0	0.0	0.0	0.0	0.0	0.0	0.0	0.0	0.019510147776614927	0.0051783911177336606	0.033841904435496194	0.0	0.0	0.0	0.0	0.0	0.0	0.0	0.0	0.0	0.0	0.0	0.0
TCTAGCGCGGCCGAAT_CTATGAGGTAGAAACA_GTACAGACTGCATGCT_CTATAACAATTGCGGA_TGGTCTACGCGCGGAC_ATCCCATACAATGGCA	0.0	0.0	0.0	0.0	0.0	0.0	0.0	0.0	0.0	0.0	0.0	0.0	0.0	0.0	0.0	0.01903234469744678	0.003962248894128958	0.0341024405007646	0.0	0.0	0.0	0.0	0.0	0.0	0.0	0.0	0.0	0.0	0.0	0.0
TCTAGCGCGGCCGAAT_CTATGAGGTAGAAACA_GTACAGACTGCATGCT_CTATAACAATTGCGGA_ATAGGGATTCTAATCG_TTAAAAATTGCGCCAA	0.0	0.0	0.0	0.0	0.0	0.0	0.0	0.0	0.0	0.0	0.0	0.0	0.0	0.0	0.0	0.021076305355255755	0.006476370378134557	0.03567624033237696	0.0	0.0	0.0	0.0	0.0	0.0	0.0	0.0	0.0	0.0	0.0	0.0
TCTAGCGCGGCCGAAT_CTATGAGGTAGAAACA_CCGGAAAGAGTACGAC_GGGTTCGCAGGGTCTG_GTAGGTCACGCCAGTC_GCTGCACTCTTACTGC	0.0	0.0	0.0	0.0	0.0	0.0	0.0	0.0	0.0	0.0	0.0	0.0	0.0	0.0	0.0	0.021669206295865585	0.005274743954498336	0.03806366863723283	0.0	0.0	0.0	0.0	0.0	0.0	0.0	0.0	0.0	0.0	0.0	0.0
TCTAGCGCGGCCGAAT_CTATGAGGTAGAAACA_CAATAATATGAGCCAA_GTCAGGTATCCCACAA_CATCTCGCACCCACGT_GGAGTCGTGGCGATTT	0.0	0.0	0.0	0.0	0.0	0.0	0.0	0.0	0.0	0.0	0.0	0.0	0.0	0.0	0.0	0.022272426010994714	0.0021630864177713607	0.042381765604218066	0.0	0.0	0.0	0.0	0.0	0.0	0.0	0.0	0.0	0.0	0.0	0.0
TCTAGCGCGGCCGAAT_CTATGAGGTAGAAACA_CCGGAAAGAGTACGAC_CGCTGCTGGACTGTCT_CGGGGTGTAAGCATAT_TGATACCATAAGCTGA	0.0	0.0	0.0	0.0	0.0	0.0	0.0	0.0	0.0	0.0	0.0	0.0	0.0	0.0	0.0	0.0	0.0	0.0	0.0353928616717765	0.027901587263056953	0.042884136080496044	0.02192378292283246	0.017304967349117642	0.026542598496547276	0.0	0.0	0.0	0.0	0.0	0.0
TCTAGCGCGGCCGAAT_CTATGAGGTAGAAACA_CCGGAAAGAGTACGAC_CGCTGCTGGACTGTCT_AATCAAGGAAGCGCGA_TACATAGCTAGCCGGT	0.0	0.0	0.0	0.0	0.0	0.0	0.0	0.0	0.0	0.0	0.0	0.0	0.0	0.0	0.0	0.020096416121159193	0.0028788177918589834	0.0373140144504594	0.0	0.0	0.0	0.0	0.0	0.0	0.0	0.0	0.0	0.0	0.0	0.0
TCTAGCGCGGCCGAAT_CTATGAGGTAGAAACA_CCGGAAAGAGTACGAC_GGCGTCGGGTTAGTGT_CTCTCCAATCACCGTG_ACCAGAGGCTGTAAAT	0.0	0.0	0.0	0.0	0.0	0.0	0.0	0.0	0.0	0.0	0.0	0.0	0.0	0.0	0.0	0.018437724328780526	0.006148096317554195	0.030727352340006855	0.0	0.0	0.0	0.0	0.0	0.0	0.0	0.0	0.0	0.0	0.0	0.0
TCTAGCGCGGCCGAAT_CTATGAGGTAGAAACA_CCGGAAAGAGTACGAC_TAGGGAGTGAACCGTT_TATGACCAGAATCCGT_AAATAGTGGTTGAAAC	0.0	0.0	0.0	0.0	0.0	0.0	0.0	0.0	0.0	0.0	0.0	0.0	0.0	0.0	0.0	0.024428226061126802	0.006555106755290176	0.04230134536696343	0.0	0.0	0.0	0.0	0.0	0.0	0.0	0.0	0.0	0.0	0.0	0.0
TCTAGCGCGGCCGAAT_CTATGAGGTAGAAACA_GCCTACGAATACAACC_GCATGATCACCCAGCC_ACAGCGACCGGTCCTC_GCGAAGAACATAACTT	0.0	0.0	0.0	0.0	0.0	0.0	0.0	0.0	0.0	0.0	0.0	0.0	0.0	0.0	0.0	0.021685110831923943	0.004891734586825482	0.03847848707702241	0.0	0.0	0.0	0.0	0.0	0.0	0.0	0.0	0.0	0.0	0.0	0.0
TCTAGCGCGGCCGAAT_CTATGAGGTAGAAACA_GCCTACGAATACAACC_ATCGGTGTGCCCGCGC_ATTGGAGATTGTTGCC_GAATTACATCTGTCAG	0.0	0.0	0.0	0.0	0.0	0.0	0.0	0.0	0.0	0.0	0.0	0.0	0.0	0.0	0.0	0.018792900358485916	0.0023706551552368053	0.03521514556173502	0.0	0.0	0.0	0.0	0.0	0.0	0.0	0.0	0.0	0.0	0.0	0.0
TCTAGCGCGGCCGAAT_CTATGAGGTAGAAACA_GATAGATATAGTAAGT_CAATGCGACCACGAAG_GCATACGACCCAGGGG_GGTCGGCTCGTTCATA	0.0	0.0	0.0	0.0	0.0	0.0	0.0	0.0	0.0	0.0	0.0	0.0	0.0	0.0	0.0	0.02103107109105492	0.004060456342091973	0.03800168584001787	0.0	0.0	0.0	0.0	0.0	0.0	0.0	0.0	0.0	0.0	0.0	0.0
TCTAGCGCGGCCGAAT_CTATGAGGTAGAAACA_CAGTGCTGCACACGAC_AACACATATTTGCTCA_GATAAGGAGTTGTCGT_AGATTGATACGGCTTG	0.0	0.0	0.0	0.0	0.0	0.0	0.0	0.0	0.0	0.0	0.0	0.0	0.0	0.0	0.0	0.021095703705419796	0.004125015158669618	0.03806639225216997	0.0	0.0	0.0	0.0	0.0	0.0	0.0	0.0	0.0	0.0	0.0	0.0
TCTAGCGCGGCCGAAT_CTATGAGGTAGAAACA_CCGGAAAGAGTACGAC_TCCGGGCGACTTTGGC_TCAAGATACAAGTTCC_AAATTAAAGGCATTGT	0.0	0.0	0.0	0.0	0.0	0.0	0.0	0.0	0.0	0.0	0.0	0.0	0.0	0.0	0.0	0.01965802426713971	0.006948051371975829	0.03236799716230359	0.0	0.0	0.0	0.0	0.0	0.0	0.0	0.0	0.0	0.0	0.0	0.0
TCTAGCGCGGCCGAAT_CTATGAGGTAGAAACA_CCGGAAAGAGTACGAC_CTAATGGGCTGATCTG_TAGTTAAATTGATGGC_ACCCACTATTATGCAA	0.0	0.0	0.0	0.0	0.0	0.0	0.0	0.0	0.0	0.0	0.0	0.0	0.0	0.0	0.0	0.0	0.0	0.0	0.021642764518348796	0.005028265867983498	0.0382572631687141	0.0	0.0	0.0	0.0	0.0	0.0	0.0	0.0	0.0
TCTAGCGCGGCCGAAT_CTATGAGGTAGAAACA_CAGGCACTCACGTTAC_GTCAGAATTCGGAAAA_CAGTTGGCAACGCAAA_CTTCAGAGAGTTCGCT	0.0	0.0	0.0	0.0	0.0	0.0	0.0	0.0	0.0	0.0	0.0	0.0	0.0	0.0	0.0	0.022079281925914507	0.01284375321627381	0.031314810635555204	0.0	0.0	0.0	0.0	0.0	0.0	0.0	0.0	0.0	0.0	0.0	0.0
TCTAGCGCGGCCGAAT_CTATGAGGTAGAAACA_CAGGCACTCACGTTAC_GTCAGAATTCGGAAAA_CAGTTGGCAACGCAAA_AACACCGGAGGTTCTG	0.0	0.0	0.0	0.0	0.0	0.0	0.0	0.0	0.0	0.0	0.0	0.0	0.0	0.0	0.0	0.017903756968483266	0.005318207196993751	0.030489306739972778	0.0	0.0	0.0	0.0	0.0	0.0	0.0	0.0	0.0	0.0	0.0	0.0
TCTAGCGCGGCCGAAT_CTATGAGGTAGAAACA_CCGGAAAGAGTACGAC_AGGTCCCCGACTTTAA_AACCGAAATCGATAGT_TACCGCACCTACCAGG	0.0	0.0	0.0	0.0	0.0	0.0	0.0	0.0	0.0	0.0	0.0	0.0	0.0	0.0	0.0	0.01768562512896788	0.004325907256389911	0.03104534300154585	0.0	0.0	0.0	0.0	0.0	0.0	0.0	0.0	0.0	0.0	0.0	0.0
TCTAGCGCGGCCGAAT_CTATGAGGTAGAAACA_GATAGATATAGTAAGT_ATTCGGCTCATAAGGG_GCTACACACTTGGTCG_TGGGAGGCGATTGAAG	0.0	0.0	0.0	0.0	0.0	0.0	0.0	0.0	0.0	0.0	0.0	0.0	0.0	0.0	0.0	0.0	0.0	0.0	0.018938532122628818	0.00038560833368505437	0.03749145591157258	0.0	0.0	0.0	0.0	0.0	0.0	0.0	0.0	0.0
TCTAGCGCGGCCGAAT_CTATGAGGTAGAAACA_CCGGAAAGAGTACGAC_CTAATGGGCTGATCTG_AGTCATAGGGAATCGA_GTCAATGGTATGAGGG	0.0	0.0	0.0	0.0	0.0	0.0	0.0	0.0	0.0	0.0	0.0	0.0	0.0	0.0	0.0	0.0234030308899652	0.008753191061062336	0.038052870718868065	0.0	0.0	0.0	0.0	0.0	0.0	0.0	0.0	0.0	0.0	0.0	0.0
TCTAGCGCGGCCGAAT_CTATGAGGTAGAAACA_GCCTACGAATACAACC_GCATGATCACCCAGCC_TTTGCCCCGCACCCTC_AAAACGCCGTCGGCAT	0.0	0.0	0.0	0.0	0.0	0.0	0.0	0.0	0.0	0.0	0.0	0.0	0.0	0.0	0.0	0.020870586719690436	0.002063401953863151	0.039677771485517724	0.0	0.0	0.0	0.0	0.0	0.0	0.0	0.0	0.0	0.0	0.0	0.0
TCTAGCGCGGCCGAAT_CTATGAGGTAGAAACA_GCCTACGAATACAACC_GCATGATCACCCAGCC_TTTGCCCCGCACCCTC_GCTAGAGGACTTGTAG	0.0	0.0	0.0	0.0	0.0	0.0	0.0	0.0	0.0	0.0	0.0	0.0	0.0	0.0	0.0	0.02202271189966935	0.005024681066564143	0.03902074273277456	0.0	0.0	0.0	0.0	0.0	0.0	0.0	0.0	0.0	0.0	0.0	0.0
TCTAGCGCGGCCGAAT_CTATGAGGTAGAAACA_CCGGAAAGAGTACGAC_TAGGGAGTGAACCGTT_CGCAGTCACGAGGCTT_GTTCCTACGATTGCGA	0.0	0.0	0.0	0.0	0.0	0.0	0.0	0.0	0.0	0.0	0.0	0.0	0.0	0.0	0.0	0.018897031852779626	0.0031440023340001608	0.03465006137155909	0.0	0.0	0.0	0.0	0.0	0.0	0.0	0.0	0.0	0.0	0.0	0.0
TCTAGCGCGGCCGAAT_CTATGAGGTAGAAACA_CCGGAAAGAGTACGAC_CTAATGGGCTGATCTG_CACAGGTCTAGCTCCG_GACGATCCTATAGTTA	0.0	0.0	0.0	0.0	0.0	0.0	0.0	0.0	0.0	0.0	0.0	0.0	0.0	0.0	0.0	0.021990687857806425	0.0028585331602127666	0.04112284255540008	0.0	0.0	0.0	0.0	0.0	0.0	0.0	0.0	0.0	0.0	0.0	0.0
TCTAGCGCGGCCGAAT_CTATGAGGTAGAAACA_CAGTGCTGCACACGAC_AATCAAGAAAGTCCAA_AGTCGTCCTTCCGCTC_GTTCCGAATTGTACCG	0.0	0.0	0.0	0.0	0.0	0.0	0.0	0.0	0.0	0.0	0.0	0.0	0.0	0.0	0.0	0.01736933324955054	0.0024448954362168186	0.032293771062884266	0.0	0.0	0.0	0.0	0.0	0.0	0.0	0.0	0.0	0.0	0.0	0.0
TCTAGCGCGGCCGAAT_CTATGAGGTAGAAACA_GATAGATATAGTAAGT_TTGGCCCCGATTCGTC_TGCATGAATGTACGCT_CCAACGCTACAACGCT	0.0	0.0	0.0	0.0	0.0	0.0	0.0	0.0	0.0	0.0	0.0	0.0	0.0	0.0	0.0	0.025610022963015594	0.0067257839672838216	0.044494261958747366	0.0	0.0	0.0	0.0	0.0	0.0	0.0	0.0	0.0	0.0	0.0	0.0
TCTAGCGCGGCCGAAT_CTATGAGGTAGAAACA_CCGGAAAGAGTACGAC_CTAATGGGCTGATCTG_TATGGGATGAATGAGG_TGGTAAGCAGTACTCT	0.0	0.0	0.0	0.0	0.0	0.0	0.0	0.0	0.0	0.0	0.0	0.0	0.0	0.0	0.0	0.01694130919046164	0.00454133783699223	0.02934128054393105	0.0	0.0	0.0	0.0	0.0	0.0	0.0	0.0	0.0	0.0	0.0	0.0
TCTAGCGCGGCCGAAT_CTATGAGGTAGAAACA_CCGGAAAGAGTACGAC_CTAATGGGCTGATCTG_AGGGGCCGACGGTACC_ACAGACACTAATGGCA	0.0	0.0	0.0	0.0	0.0	0.0	0.0	0.0	0.0	0.0	0.0	0.0	0.0	0.0	0.0	0.0	0.0	0.0	0.0	0.0	0.0	0.012130596389469232	0.006593463891413156	0.017667728887525307	0.0	0.0	0.0	0.0	0.0	0.0
TCTAGCGCGGCCGAAT_CTATGAGGTAGAAACA_CCGGAAAGAGTACGAC_CTAATGGGCTGATCTG_AGGGGCCGACGGTACC_ACGCGCAGCTTTTGCA	0.0	0.0	0.0	0.0	0.0	0.0	0.0	0.0	0.0	0.0	0.0	0.0	0.0	0.0	0.0	0.0	0.0	0.0	0.019911103161368255	0.012800184413226518	0.027022021909509992	0.009292337399304478	0.0058474319166569606	0.012737242881951995	-0.006939683453904053	-0.017090387385873262	0.0032110204780651562	0.0	0.0	0.0
TCTAGCGCGGCCGAAT_CTATGAGGTAGAAACA_CCGGAAAGAGTACGAC_CTAATGGGCTGATCTG_AGGGGCCGACGGTACC_AGATGAGACCGACTGA	0.0	0.0	0.0	0.0	0.0	0.0	0.0	0.0	0.0	0.0	0.0	0.0	0.0	0.0	0.0	0.0	0.0	0.0	0.018184591572740747	0.011035335525868908	0.025333847619612587	0.010068679107999867	0.006248990137468179	0.013888368078531554	-0.0023394320690548376	-0.014848936310520021	0.010170072172410347	0.0	0.0	0.0
TCTAGCGCGGCCGAAT_CTATGAGGTAGAAACA_CCGGAAAGAGTACGAC_CTAATGGGCTGATCTG_AGGGGCCGACGGTACC_CCAACGACAAGTACCG	0.0	0.0	0.0	0.0	0.0	0.0	0.0	0.0	0.0	0.0	0.0	0.0	0.0	0.0	0.0	0.0	0.0	0.0	0.0	0.0	0.0	0.011286218690790002	0.005332628037546642	0.017239809344033363	0.0	0.0	0.0	0.0	0.0	0.0
TCTAGCGCGGCCGAAT_CTATGAGGTAGAAACA_CCGGAAAGAGTACGAC_CTAATGGGCTGATCTG_AGGGGCCGACGGTACC_TGCGGTCGGCATTCAT	0.0	0.0	0.0	0.0	0.0	0.0	0.0	0.0	0.0	0.0	0.0	0.0	0.0	0.0	0.0	0.0	0.0	0.0	0.018328898320964248	0.013377506638826551	0.023280290003101944	0.012471854966632636	0.010054253185769458	0.014889456747495814	-0.0038660290416419746	-0.010345530574580625	0.0026134724912966756	0.0	0.0	0.0
TCTAGCGCGGCCGAAT_CTATGAGGTAGAAACA_CCGGAAAGAGTACGAC_CTAATGGGCTGATCTG_AGGGGCCGACGGTACC_AAGTTGACCTCTAGGA	0.0	0.0	0.0	0.0	0.0	0.0	0.0	0.0	0.0	0.0	0.0	0.0	0.0	0.0	0.0	0.0	0.0	0.0	0.0	0.0	0.0	0.01324059237605309	0.006315774557379143	0.020165410194727038	0.0	0.0	0.0	0.0	0.0	0.0
TCTAGCGCGGCCGAAT_CTATGAGGTAGAAACA_CCGGAAAGAGTACGAC_CTAATGGGCTGATCTG_AGGGGCCGACGGTACC_GCATGAAGCCGGGAAC	0.0	0.0	0.0	0.0	0.0	0.0	0.0	0.0	0.0	0.0	0.0	0.0	0.0	0.0	0.0	0.0	0.0	0.0	0.0	0.0	0.0	0.011436334328301382	0.007982743571638124	0.01488992508496464	-0.0008162722540959617	-0.005582475667760735	0.003949931159568811	0.0	0.0	0.0
TCTAGCGCGGCCGAAT_CTATGAGGTAGAAACA_CCGGAAAGAGTACGAC_CTAATGGGCTGATCTG_AGGGGCCGACGGTACC_ACTCTATGTGGGATGC	0.0	0.0	0.0	0.0	0.0	0.0	0.0	0.0	0.0	0.0	0.0	0.0	0.0	0.0	0.0	0.0	0.0	0.0	0.0201466801779858	0.011269104003355204	0.029024256352616396	0.016048163149701627	0.013025516042928996	0.01907081025647426	-0.004009523508616275	-0.01080835117325048	0.0027893041560179306	0.0	0.0	0.0
TCTAGCGCGGCCGAAT_CTATGAGGTAGAAACA_CCGGAAAGAGTACGAC_CTAATGGGCTGATCTG_AGGGGCCGACGGTACC_TGACACCGAGTAAGTT	0.0	0.0	0.0	0.0	0.0	0.0	0.0	0.0	0.0	0.0	0.0	0.0	0.0	0.0	0.0	0.0	0.0	0.0	0.0	0.0	0.0	0.007162854069724377	0.00273443658815157	0.011591271551297185	-0.016405691248126075	-0.029175606698520616	-0.003635775797731536	0.0	0.0	0.0
TCTAGCGCGGCCGAAT_CTATGAGGTAGAAACA_CCGGAAAGAGTACGAC_CTAATGGGCTGATCTG_AGGGGCCGACGGTACC_TTTCACTCTAGTATGG	0.0	0.0	0.0	0.0	0.0	0.0	0.0	0.0	0.0	0.0	0.0	0.0	0.0	0.0	0.0	0.0	0.0	0.0	0.019164644515070297	0.012946867213409905	0.02538242181673069	0.010980682499201195	0.007366481327748	0.014594883670654389	0.0	0.0	0.0	0.0	0.0	0.0
TCTAGCGCGGCCGAAT_CTATGAGGTAGAAACA_CCGGAAAGAGTACGAC_CTAATGGGCTGATCTG_AGGGGCCGACGGTACC_TTCATGAGAGGTCTCT	0.0	0.0	0.0	0.0	0.0	0.0	0.0	0.0	0.0	0.0	0.0	0.0	0.0	0.0	0.0	0.0	0.0	0.0	0.014967740075491343	0.0064402539890072285	0.023495226161975455	0.01223452239768542	0.007352282644398905	0.017116762150971937	-0.005032394929488972	-0.017258920044315854	0.007194130185337909	0.0	0.0	0.0
TCTAGCGCGGCCGAAT_CTATGAGGTAGAAACA_CCGGAAAGAGTACGAC_CTAATGGGCTGATCTG_AGGGGCCGACGGTACC_TGGGCGAGCACACATG	0.0	0.0	0.0	0.0	0.0	0.0	0.0	0.0	0.0	0.0	0.0	0.0	0.0	0.0	0.0	0.0	0.0	0.0	0.0	0.0	0.0	0.011038118662143749	0.0007423917629172418	0.021333845561370256	0.0	0.0	0.0	0.0	0.0	0.0
TCTAGCGCGGCCGAAT_CTATGAGGTAGAAACA_CCGGAAAGAGTACGAC_CTAATGGGCTGATCTG_AGGGGCCGACGGTACC_GATAAGCTCGGTAGAC	0.0	0.0	0.0	0.0	0.0	0.0	0.0	0.0	0.0	0.0	0.0	0.0	0.0	0.0	0.0	0.0	0.0	0.0	0.014781841687522446	0.006020486502304823	0.02354319687274007	0.011087480587579933	0.005359513005486461	0.016815448169673404	0.0	0.0	0.0	0.0	0.0	0.0
TCTAGCGCGGCCGAAT_CTATGAGGTAGAAACA_CCGGAAAGAGTACGAC_CTAATGGGCTGATCTG_AGGGGCCGACGGTACC_CGGCCCCGAGAAATTC	0.0	0.0	0.0	0.0	0.0	0.0	0.0	0.0	0.0	0.0	0.0	0.0	0.0	0.0	0.0	0.0	0.0	0.0	0.0	0.0	0.0	0.019040074920186896	0.009700086920055964	0.028380062920317826	0.0	0.0	0.0	0.0	0.0	0.0
TCTAGCGCGGCCGAAT_CTATGAGGTAGAAACA_CCGGAAAGAGTACGAC_CTAATGGGCTGATCTG_AGGGGCCGACGGTACC_TCCAAACGACGGTACA	0.0	0.0	0.0	0.0	0.0	0.0	0.0	0.0	0.0	0.0	0.0	0.0	0.0	0.0	0.0	0.0	0.0	0.0	0.017476336462944133	0.008294769073742434	0.02665790385214583	0.009284420931817538	0.0038468801874259667	0.014721961676209108	0.0	0.0	0.0	0.0	0.0	0.0
TCTAGCGCGGCCGAAT_CTATGAGGTAGAAACA_CCGGAAAGAGTACGAC_CTAATGGGCTGATCTG_AGGGGCCGACGGTACC_GACACAAGGTGATGCC	0.0	0.0	0.0	0.0	0.0	0.0	0.0	0.0	0.0	0.0	0.0	0.0	0.0	0.0	0.0	0.0	0.0	0.0	0.0	0.0	0.0	0.018644436493217002	0.005340944004825453	0.03194792898160855	0.0	0.0	0.0	0.0	0.0	0.0
TCTAGCGCGGCCGAAT_CTATGAGGTAGAAACA_CCGGAAAGAGTACGAC_CTAATGGGCTGATCTG_AGGGGCCGACGGTACC_TGGTGTTCCGATGGGG	0.0	0.0	0.0	0.0	0.0	0.0	0.0	0.0	0.0	0.0	0.0	0.0	0.0	0.0	0.0	0.028853867906769165	0.01765461144402876	0.04005312436950957	0.016342712373415412	0.00981764283094879	0.022867781915882034	0.010930827875938718	0.006750300963042473	0.015111354788834963	-0.006582476055249337	-0.019664956444935665	0.006500004334436992	0.0	0.0	0.0
TCTAGCGCGGCCGAAT_CTATGAGGTAGAAACA_CCGGAAAGAGTACGAC_CTAATGGGCTGATCTG_AGGGGCCGACGGTACC_ATCCCTGCACAGATGA	0.0	0.0	0.0	0.0	0.0	0.0	0.0	0.0	0.0	0.0	0.0	0.0	0.0	0.0	0.0	0.0	0.0	0.0	0.018468318171276223	0.011729560229557193	0.025207076112995254	0.009252698676895986	0.005666004598399376	0.012839392755392596	-0.0050805195870199495	-0.017181391563306704	0.007020352389266806	0.0	0.0	0.0
TCTAGCGCGGCCGAAT_CTATGAGGTAGAAACA_CCGGAAAGAGTACGAC_CTAATGGGCTGATCTG_AGGGGCCGACGGTACC_ACCATAAATCACACCT	0.0	0.0	0.0	0.0	0.0	0.0	0.0	0.0	0.0	0.0	0.0	0.0	0.0	0.0	0.0	0.029136769527936666	0.0226230300462391	0.035650509009634235	0.01856059043062709	0.01533110183051532	0.021790079030738863	0.0129535006321602	0.011381864342138387	0.014525136922182014	-0.00576711520096323	-0.010319318082821468	-0.0012149123191049927	0.0	0.0	0.0
TCTAGCGCGGCCGAAT_CTATGAGGTAGAAACA_CCGGAAAGAGTACGAC_CTAATGGGCTGATCTG_AGGGGCCGACGGTACC_GGTAAACACGATTAAC	0.0	0.0	0.0	0.0	0.0	0.0	0.0	0.0	0.0	0.0	0.0	0.0	0.0	0.0	0.0	0.0	0.0	0.0	0.019934691995282333	0.006589165562035608	0.03328021842852906	0.0	0.0	0.0	0.0	0.0	0.0	0.0	0.0	0.0
TCTAGCGCGGCCGAAT_CTATGAGGTAGAAACA_CCGGAAAGAGTACGAC_CTAATGGGCTGATCTG_AGGGGCCGACGGTACC_GTCATATGCTTTCTGG	0.0	0.0	0.0	0.0	0.0	0.0	0.0	0.0	0.0	0.0	0.0	0.0	0.0	0.0	0.0	0.0	0.0	0.0	0.0	0.0	0.0	0.013132761462186029	0.004777710425985765	0.021487812498386293	0.0	0.0	0.0	0.0	0.0	0.0
TCTAGCGCGGCCGAAT_CTATGAGGTAGAAACA_CCGGAAAGAGTACGAC_CTAATGGGCTGATCTG_AGGGGCCGACGGTACC_GGGTTCTGTGCCCATC	0.0	0.0	0.0	0.0	0.0	0.0	0.0	0.0	0.0	0.0	0.0	0.0	0.0	0.0	0.0	0.0	0.0	0.0	0.01570135466271047	0.001246100883559028	0.030156608441861913	0.0	0.0	0.0	0.0	0.0	0.0	0.0	0.0	0.0
TCTAGCGCGGCCGAAT_CTATGAGGTAGAAACA_CCGGAAAGAGTACGAC_CTAATGGGCTGATCTG_AGGGGCCGACGGTACC_TCCTCTGCCGGGTCAC	0.0	0.0	0.0	0.0	0.0	0.0	0.0	0.0	0.0	0.0	0.0	0.0	0.0	0.0	0.0	0.0	0.0	0.0	0.0	0.0	0.0	0.01011290549252863	0.005035346652408851	0.015190464332648406	0.0	0.0	0.0	0.0	0.0	0.0
TCTAGCGCGGCCGAAT_CTATGAGGTAGAAACA_CCGGAAAGAGTACGAC_CTAATGGGCTGATCTG_AGGGGCCGACGGTACC_ATCCACAATCGATGGG	0.0	0.0	0.0	0.0	0.0	0.0	0.0	0.0	0.0	0.0	0.0	0.0	0.0	0.0	0.0	0.0	0.0	0.0	0.0	0.0	0.0	0.018046061488330593	0.0007612443861000663	0.035330878590561124	0.0	0.0	0.0	0.0	0.0	0.0
TCTAGCGCGGCCGAAT_CTATGAGGTAGAAACA_CCGGAAAGAGTACGAC_CTAATGGGCTGATCTG_AGGGGCCGACGGTACC_CGGTTGCCTTGTGGTC	0.0	0.0	0.0	0.0	0.0	0.0	0.0	0.0	0.0	0.0	0.0	0.0	0.0	0.0	0.0	0.02631676961730639	0.02033444601797082	0.03229909321664196	0.01883632590080308	0.01579968163625961	0.021872970165346547	0.011777220368861389	0.010190724045305273	0.013363716692417505	-0.007715225503192394	-0.012248199628111422	-0.003182251378273367	0.0	0.0	0.0
TCTAGCGCGGCCGAAT_CTATGAGGTAGAAACA_CCGGAAAGAGTACGAC_TCAAGGGGCGCAGCCG_ATCACGGACTGCGAGT_CTTTACTAGTCCCTAA	0.0	0.0	0.0	0.0	0.0	0.0	0.0	0.0	0.0	0.0	0.0	0.0	0.0	0.0	0.0	0.0	0.0	0.0	0.0	0.0	0.0	0.01746651736679248	0.0013945360238179216	0.03353849870976704	0.0	0.0	0.0	0.0	0.0	0.0
TGCTAAAAAGATCTAG_TGTGTTCAGGGGGCTG_TAAGCTTAACGAGCCG_ATCCAACTTGAGGATA_AGGGCAGGCTCTCCCG_GCAGGATGAACAGGTG	0.0	0.0	0.0	0.0	0.0	0.0	0.0	0.0	0.0	0.0	0.0	0.0	0.0	0.0	0.0	0.02327123962542097	0.0070215720440024755	0.03952090720683947	-0.009529266207450727	-0.023959097236949084	0.004900564822047633	0.0	0.0	0.0	0.0	0.0	0.0	0.0	0.0	0.0
TGCTAAAAAGATCTAG_TGTGTTCAGGGGGCTG_TTATCGGACAGCGTGC_GCGGGACAGAATTATA_TGTGTTAGACAATTGC_AATAGGTAGGATATGG	0.0	0.0	0.0	0.0	0.0	0.0	0.0	0.0	0.0	0.0	0.0	0.0	0.0	0.0	0.0	0.018718971204711214	0.00322994718796046	0.034207995221461965	0.0	0.0	0.0	0.0	0.0	0.0	0.0	0.0	0.0	0.0	0.0	0.0
TCTAGCGCGGCCGAAT_CTATGAGGTAGAAACA_GTACAGACTGCATGCT_CTATAACAATTGCGGA_CGCGCGAAATGAATAC_TCTCTACAGTTCGGAA	0.0	0.0	0.0	0.0	0.0	0.0	0.0	0.0	0.0	0.0	0.0	0.0	0.0	0.0	0.0	0.021402793011981138	0.008118578596820806	0.03468700742714147	0.0	0.0	0.0	0.0	0.0	0.0	0.0	0.0	0.0	0.0	0.0	0.0
CGCGGTGGAACGGAGG_CGCAACATGTAAACTT_AACGATGATACGTGGT_AGTATTATGCGACGCC_AAACGACCTCGGCATT_ATGCCCCCGGTTTGAC	0.0	0.0	0.0	0.0	0.0	0.0	0.0	0.0	0.0	0.0	0.0	0.0	0.0	0.0	0.0	0.025927420129461982	0.010557366749994947	0.04129747350892902	0.0	0.0	0.0	-0.0031377846647125964	-0.006978273275311169	0.0007027039458859762	0.0	0.0	0.0	0.0	0.0	0.0
CGCGGTGGAACGGAGG_CGCAACATGTAAACTT_AACGATGATACGTGGT_AGTATTATGCGACGCC_AAACGACCTCGGCATT_TAACCAGTTGCACATT	0.0	0.0	0.0	0.0	0.0	0.0	0.0	0.0	0.0	0.0	0.0	0.0	0.0	0.0	0.0	0.0	0.0	0.0	0.009012332847251014	0.0021006258504415263	0.015924039844060503	-0.0010057397646662989	-0.00414595108134049	0.0021344715520078927	0.0	0.0	0.0	0.0	0.0	0.0
CGCGGTGGAACGGAGG_CGCAACATGTAAACTT_AACGATGATACGTGGT_AGTATTATGCGACGCC_AAACGACCTCGGCATT_CTGCATAGGTGTAGGT	0.0	0.0	0.0	0.0	0.0	0.0	0.0	0.0	0.0	0.0	0.0	0.0	0.0	0.0	0.0	0.0	0.0	0.0	0.0	0.0	0.0	0.014456877254302957	0.00451440337250599	0.024399351136099923	0.0	0.0	0.0	0.0	0.0	0.0
TCTAGCGCGGCCGAAT_CTATGAGGTAGAAACA_CAGTGCTGCACACGAC_ACCCGCGGGCCATTTC_ACTGTGAGTACCCGTC_CTTCACGCTAGGAGAA	0.0	0.0	0.0	0.0	0.0	0.0	0.0	0.0	0.0	0.0	0.0	0.0	0.0	0.0	0.0	0.02072954126172693	0.0036885786997604593	0.0377705038236934	0.0	0.0	0.0	0.0	0.0	0.0	0.0	0.0	0.0	0.0	0.0	0.0
TCTAGCGCGGCCGAAT_CTATGAGGTAGAAACA_CAGGCACTCACGTTAC_GTCAGAATTCGGAAAA_GTTCTCACCTGCTGAC_GAAAGCTATCGACAGT	0.0	0.0	0.0	0.0	0.0	0.0	0.0	0.0	0.0	0.0	0.0	0.0	0.0	0.0	0.0	0.021746153809243756	0.006696924171025976	0.036795383447461534	0.0	0.0	0.0	0.0	0.0	0.0	0.0	0.0	0.0	0.0	0.0	0.0
TCTAGCGCGGCCGAAT_CTATGAGGTAGAAACA_CCGGAAAGAGTACGAC_TAGGGAGTGAACCGTT_TGCCTAGGGTAATGAT_GTCTGAAAGGCTCCGT	0.0	0.0	0.0	0.0	0.0	0.0	0.0	0.0	0.0	0.0	0.0	0.0	0.0	0.0	0.0	0.0	0.0	0.0	0.012648711090570983	0.0025966735827868837	0.02270074859835508	0.0	0.0	0.0	0.0	0.0	0.0	0.0	0.0	0.0
TCTAGCGCGGCCGAAT_CTATGAGGTAGAAACA_CCGGAAAGAGTACGAC_CTAATGGGCTGATCTG_TCGAGTAAAGGAAACG_CTGACATGTCGCTCTC	0.0	0.0	0.0	0.0	0.0	0.0	0.0	0.0	0.0	0.0	0.0	0.0	0.0	0.0	0.0	0.0	0.0	0.0	0.01447687088107509	0.002161615083921157	0.026792126678229024	0.013391543548679058	0.006202935878730453	0.020580151218627663	0.0	0.0	0.0	0.0	0.0	0.0
TCTAGCGCGGCCGAAT_CTATGAGGTAGAAACA_CCGGAAAGAGTACGAC_CTAATGGGCTGATCTG_TCGAGTAAAGGAAACG_GGATCACCAAAACGTC	0.0	0.0	0.0	0.0	0.0	0.0	0.0	0.0	0.0	0.0	0.0	0.0	0.0	0.0	0.0	0.0	0.0	0.0	0.019286097805691977	0.0013823893428254082	0.03718980626855854	0.0	0.0	0.0	0.0	0.0	0.0	0.0	0.0	0.0
TCTAGCGCGGCCGAAT_CTATGAGGTAGAAACA_CCGGAAAGAGTACGAC_CTAATGGGCTGATCTG_TCGAGTAAAGGAAACG_TCCTTCCACTCGGGCT	0.0	0.0	0.0	0.0	0.0	0.0	0.0	0.0	0.0	0.0	0.0	0.0	0.0	0.0	0.0	0.0	0.0	0.0	0.019254528858659043	0.005552687134142923	0.03295637058317516	0.01811258557722529	0.010510233433132815	0.025714937721317763	0.0	0.0	0.0	0.0	0.0	0.0
TCTAGCGCGGCCGAAT_CTATGAGGTAGAAACA_CCGGAAAGAGTACGAC_CTAATGGGCTGATCTG_TCGAGTAAAGGAAACG_CCGCAGTGGGTACATT	0.0	0.0	0.0	0.0	0.0	0.0	0.0	0.0	0.0	0.0	0.0	0.0	0.0	0.0	0.0	0.0	0.0	0.0	0.0173218999258028	0.008509430990568567	0.026134368861037035	0.013036487678574038	0.009109576031578612	0.016963399325569464	-0.005209147614403306	-0.016052734634208185	0.005634439405401572	0.0	0.0	0.0
TCTAGCGCGGCCGAAT_CTATGAGGTAGAAACA_CCGGAAAGAGTACGAC_CTAATGGGCTGATCTG_TCGAGTAAAGGAAACG_CCTACGGTTTCCGGTT	0.0	0.0	0.0	0.0	0.0	0.0	0.0	0.0	0.0	0.0	0.0	0.0	0.0	0.0	0.0	0.025383891070711158	0.016693627935497314	0.034074154205925	0.016362018988355778	0.011196677618253808	0.02152736035845775	0.01150797616119836	0.008532179141987877	0.014483773180408843	-0.009317040962088557	-0.019508008384824187	0.0008739264606470714	0.0	0.0	0.0
TCTAGCGCGGCCGAAT_CTATGAGGTAGAAACA_CCGGAAAGAGTACGAC_CTAATGGGCTGATCTG_TCGAGTAAAGGAAACG_TACAGGTATGTTGCAA	0.0	0.0	0.0	0.0	0.0	0.0	0.0	0.0	0.0	0.0	0.0	0.0	0.0	0.0	0.0	0.0	0.0	0.0	0.02125373013398588	0.008551411453944856	0.033956048814026904	0.013217627878012736	0.009366314249776369	0.017068941506249102	-0.00042106052169754856	-0.01024516368388579	0.009403042640490692	0.0	0.0	0.0
TCTAGCGCGGCCGAAT_CTATGAGGTAGAAACA_CCGGAAAGAGTACGAC_CTAATGGGCTGATCTG_TCGAGTAAAGGAAACG_TGTCCCTTCTTCGCCA	0.0	0.0	0.0	0.0	0.0	0.0	0.0	0.0	0.0	0.0	0.0	0.0	0.0	0.0	0.0	0.0	0.0	0.0	0.012916193567997804	0.003576171383660339	0.02225621575233527	0.009965753717955534	0.004247953630912094	0.015683553804998973	0.0	0.0	0.0	0.0	0.0	0.0
TCTAGCGCGGCCGAAT_CTATGAGGTAGAAACA_CCGGAAAGAGTACGAC_CTAATGGGCTGATCTG_TCGAGTAAAGGAAACG_GCTTTCGGGGACGATA	0.0	0.0	0.0	0.0	0.0	0.0	0.0	0.0	0.0	0.0	0.0	0.0	0.0	0.0	0.0	0.0	0.0	0.0	0.020341841110399612	0.0031264520451974413	0.03755723017560178	0.016855406186580858	0.008181232824420738	0.02552957954874098	0.0	0.0	0.0	0.0	0.0	0.0
TCTAGCGCGGCCGAAT_CTATGAGGTAGAAACA_CCGGAAAGAGTACGAC_CTAATGGGCTGATCTG_TCGAGTAAAGGAAACG_CCACTCGAACCCTAGG	0.0	0.0	0.0	0.0	0.0	0.0	0.0	0.0	0.0	0.0	0.0	0.0	0.0	0.0	0.0	0.0	0.0	0.0	0.012628269816331111	0.0022941090833865814	0.02296243054927564	0.0	0.0	0.0	0.0	0.0	0.0	0.0	0.0	0.0
TCTAGCGCGGCCGAAT_CTATGAGGTAGAAACA_CCGGAAAGAGTACGAC_CTAATGGGCTGATCTG_TCGAGTAAAGGAAACG_GGGCACTCATACGCTT	0.0	0.0	0.0	0.0	0.0	0.0	0.0	0.0	0.0	0.0	0.0	0.0	0.0	0.0	0.0	0.0	0.0	0.0	0.024790565433390487	0.010667706376339991	0.03891342449044098	0.014857406718446204	0.009040469415516464	0.020674344021375943	0.0	0.0	0.0	0.0	0.0	0.0
TCTAGCGCGGCCGAAT_CTATGAGGTAGAAACA_CCGGAAAGAGTACGAC_CTAATGGGCTGATCTG_TCGAGTAAAGGAAACG_TTAAAGAGTGAAATAA	0.0	0.0	0.0	0.0	0.0	0.0	0.0	0.0	0.0	0.0	0.0	0.0	0.0	0.0	0.0	0.0	0.0	0.0	0.022297534116194628	0.0042660265179204765	0.04032904171446878	0.0182343169361334	0.006145775214798985	0.030322858657467817	0.0	0.0	0.0	0.0	0.0	0.0
TCTAGCGCGGCCGAAT_CTATGAGGTAGAAACA_CCGGAAAGAGTACGAC_CTAATGGGCTGATCTG_TCGAGTAAAGGAAACG_TTGTGAAATCCATTGC	0.0	0.0	0.0	0.0	0.0	0.0	0.0	0.0	0.0	0.0	0.0	0.0	0.0	0.0	0.0	0.029929105621556686	0.021838170780263514	0.03802004046284986	0.01855469574400883	0.014881128131753914	0.022228263356263746	0.011418802495174235	0.009388883024611576	0.013448721965736895	-0.007910479939083396	-0.01431187058116878	-0.0015090892969980103	0.0	0.0	0.0
TCTAGCGCGGCCGAAT_CTATGAGGTAGAAACA_CCGGAAAGAGTACGAC_CTAATGGGCTGATCTG_TCGAGTAAAGGAAACG_TTGGGCTTGTCAGCGA	0.0	0.0	0.0	0.0	0.0	0.0	0.0	0.0	0.0	0.0	0.0	0.0	0.0	0.0	0.0	0.0	0.0	0.0	0.0	0.0	0.0	0.015032909180769462	0.004173582813429588	0.025892235548109335	0.0	0.0	0.0	0.0	0.0	0.0
TCTAGCGCGGCCGAAT_CTATGAGGTAGAAACA_CCGGAAAGAGTACGAC_ATGCCGAGAACGTAGT_GAAGGCCCGAATCACA_CTCAGCGCGCGTACTA	0.0	0.0	0.0	0.0	0.0	0.0	0.0	0.0	0.0	0.0	0.0	0.0	0.0	0.0	0.0	0.021476403822239688	0.00874849237602374	0.03420431526845563	0.0	0.0	0.0	0.0	0.0	0.0	0.0	0.0	0.0	0.0	0.0	0.0
TCTAGCGCGGCCGAAT_CTATGAGGTAGAAACA_GTACAGACTGCATGCT_CTATAACAATTGCGGA_CTTACCTGCTGGGCGA_AACATCTTAGCTACAG	0.0	0.0	0.0	0.0	0.0	0.0	0.0	0.0	0.0	0.0	0.0	0.0	0.0	0.0	0.0	0.025776521900912848	0.008326587856864392	0.0432264559449613	0.0	0.0	0.0	0.0	0.0	0.0	0.0	0.0	0.0	0.0	0.0	0.0
TCTAGCGCGGCCGAAT_CTATGAGGTAGAAACA_CAGTGCTGCACACGAC_ACACGGTGATACTGAG_TGTCTCCGCGTGTGGT_CCCCCTGCCCAGGTCT	0.0	0.0	0.0	0.0	0.0	0.0	0.0	0.0	0.0	0.0	0.0	0.0	0.0	0.0	0.0	0.0	0.0	0.0	0.0	0.0	0.0	0.008980100222740216	0.00072704698748117	0.017233153457999265	0.0	0.0	0.0	0.0	0.0	0.0
TCTAGCGCGGCCGAAT_CTATGAGGTAGAAACA_CGCTTAGTACCCGGAT_AGTCGTTGCGCAAGCG_ACCTCTGTCCACCTCG_CCAAGGAACAACAGGG	0.0	0.0	0.0	0.0	0.0	0.0	0.0	0.0	0.0	0.0	0.0	0.0	0.0	0.0	0.0	0.023971718255983845	0.00925111339605587	0.03869232311591182	0.0	0.0	0.0	0.0	0.0	0.0	0.0	0.0	0.0	0.0	0.0	0.0
TCTAGCGCGGCCGAAT_CTATGAGGTAGAAACA_CCGGAAAGAGTACGAC_TCAAGGGGCGCAGCCG_TCCATCTAGGGTGCGA_CAGATACTACCATTCC	0.0	0.0	0.0	0.0	0.0	0.0	0.0	0.0	0.0	0.0	0.0	0.0	0.0	0.0	0.0	0.022891679103575407	0.004602317934330993	0.041181040272819824	0.020915276967468543	0.004661512067522494	0.03716904186741459	0.0	0.0	0.0	0.0	0.0	0.0	0.0	0.0	0.0
