BC	Epoch2	Epoch3	Epoch4	Epoch5	Epoch6	Epoch7	Epoch8	Epoch9	Epoch10
TCGAAGCCAGCGGGTA_CATAAGCGGCGGCGAG	0.0	0.0	0.0	2.1487818055119616	2.047297849031215	2.2502657619927082	0.0	0.0	0.0	0.0	0.0	0.0	0.0	0.0	0.0	0.0	0.0	0.0	0.0	0.0	0.0	0.0	0.0	0.0	0.0	0.0	0.0	0.0	0.0	0.0
AGTAAGACCTCGGGCC_CGCGCTTGGTTGGCTC	0.0	0.0	0.0	0.0	0.0	0.0	0.8241493762675987	0.7942979037095186	0.8540008488256787	0.39638185882432486	0.38363692279414735	0.4091267948545024	0.0	0.0	0.0	1.1881177159238456	1.1485563781687358	1.2276790536789555	0.0	0.0	0.0	0.0	0.0	0.0	0.0	0.0	0.0	0.0	0.0	0.0
AGTAAGACCTCGGGCC_TCCCTGAAGGCACATC	0.0	0.0	0.0	1.1012350131251074	1.0506835979659739	1.151786428284241	0.0	0.0	0.0	0.29350664808506394	0.27657632069707977	0.3104369754730481	0.0	0.0	0.0	0.9412632378644006	0.8942238598652267	0.9883026158635745	0.0	0.0	0.0	0.0	0.0	0.0	0.0	0.0	0.0	0.0	0.0	0.0
CGCGGTGGAACGGAGG_CGCAACATGTAAACTT	0.0	0.0	0.0	0.0	0.0	0.0	1.216221272704735	1.2022216555284384	1.2302208898810316	0.495	0.455	0.53	0.31	0.24000000000000002	0.375	0.65	0.61	0.6950000000000001	1.045	0.985	1.0999999999999999	-0.11500000000000021	-0.16000000000000014	-0.07000000000000028	-2.0388127955496973	-2.0797104229687613	-1.9979151681306335	0.0	0.0	0.0
CTAGAGACACGTCTAC_ATGGTATATCAATGGC	0.0	0.0	0.0	0.0	0.0	0.0	0.0	0.0	0.0	0.0	0.0	0.0	0.0	0.0	0.0	1.2264436689969327	1.1771388174383386	1.2757485205555268	0.0	0.0	0.0	0.0	0.0	0.0	0.0	0.0	0.0	0.0	0.0	0.0
ACAATCCGAATGAAGG_CTTGGAACTGCGTTGA	0.0	0.0	0.0	0.0	0.0	0.0	1.3094515716054158	1.2669545070068873	1.3519486362039443	0.4471439352188737	0.4357873831100761	0.4585004873276713	0.0	0.0	0.0	0.6055409587048222	0.5874080958217569	0.6236738215878874	0.0	0.0	0.0	0.0	0.0	0.0	0.0	0.0	0.0	0.0	0.0	0.0
CGAAGCGATGCGTGTA_CGTGTAACCCTCGCAA	0.0	0.0	0.0	0.0	0.0	0.0	0.0	0.0	0.0	0.3300559903507263	0.31677037279622255	0.34334160790523005	0.4923559760739133	0.4697947531368222	0.5149171990110044	0.8972337881289632	0.880913317010936	0.9135542592469903	0.0	0.0	0.0	0.0	0.0	0.0	0.0	0.0	0.0	0.0	0.0	0.0
TGCGGCATAGTCCTCG_GTAGGTTATGCGGAAG	0.0	0.0	0.0	0.0	0.0	0.0	0.0	0.0	0.0	0.27497296745407596	0.2616954419525543	0.2882504929555976	0.0	0.0	0.0	0.411599700747327	0.3866808227775541	0.43651857871709987	0.0	0.0	0.0	0.0	0.0	0.0	0.0	0.0	0.0	0.0	0.0	0.0
CGGCCGGGCGCCCTTA_CCGTCGCTTTGGTCCG	0.0	0.0	0.0	1.1872968659781362	1.127141720293993	1.2474520116622794	0.0	0.0	0.0	0.0	0.0	0.0	0.0	0.0	0.0	0.0	0.0	0.0	0.0	0.0	0.0	0.0	0.0	0.0	0.0	0.0	0.0	0.0	0.0	0.0
CGTATGAAACCTGGGG_GGCAGGTTTTGCGCGA	0.0	0.0	0.0	0.0	0.0	0.0	0.0	0.0	0.0	0.0	0.0	0.0	0.0	0.0	0.0	0.5952713740585288	0.559169535983499	0.6313732121335586	0.0	0.0	0.0	0.0	0.0	0.0	0.0	0.0	0.0	0.0	0.0	0.0
GTGCGGACCCCGTGAT_ATCCAAAATCTGTGAC	0.0	0.0	0.0	0.0	0.0	0.0	0.0	0.0	0.0	0.0	0.0	0.0	0.5138268329787904	0.4895800753244217	0.5380735906331591	0.5218519182584248	0.5060519808024849	0.5376518557143647	0.0	0.0	0.0	0.0	0.0	0.0	0.0	0.0	0.0	0.0	0.0	0.0
TCCATTGAGAACAACT_TGCACACCCATGAGTA	0.0	0.0	0.0	0.0	0.0	0.0	0.0	0.0	0.0	0.30936326035239997	0.29851495933097977	0.3202115613738202	0.0	0.0	0.0	0.4803280936951257	0.4584193013931702	0.5022368859970812	1.1195672572036077	1.0767819077187415	1.162352606688474	2.21	2.18	2.2399999999999998	0.0	0.0	0.0	0.0	0.0	0.0
TCCATTGAGAACAACT_ACCTAGGTCGTGGGAG	0.0	0.0	0.0	0.0	0.0	0.0	0.0	0.0	0.0	0.30214038552161687	0.29343314712895874	0.310847623914275	0.0	0.0	0.0	0.7617658507224981	0.7504005509254071	0.7731311505195891	0.0	0.0	0.0	-1.0732265919067505	-1.1578592160280317	-0.9885939677854693	0.0	0.0	0.0	0.0	0.0	0.0
CCACGCGCGGTACGTC_TGCCACACACGACGAT	0.0	0.0	0.0	0.0	0.0	0.0	0.46850793042148337	0.4449302491222417	0.492085611720725	0.0	0.0	0.0	0.3700788380064718	0.35447927203664414	0.38567840397629943	0.60995736874187	0.5982102781932633	0.6217044592904767	0.8073243623735591	0.7697160349589998	0.8449326897881184	0.0	0.0	0.0	0.0	0.0	0.0	0.0	0.0	0.0
CCGAGTCTTCCAACTT_GAAACGTCTCCCACCC	0.0	0.0	0.0	0.0	0.0	0.0	2.615842179627539	2.5235604025749114	2.7081239566801663	0.0	0.0	0.0	0.0	0.0	0.0	0.0	0.0	0.0	0.0	0.0	0.0	0.0	0.0	0.0	0.0	0.0	0.0	0.0	0.0	0.0
TCGACTTGGTTCAAGG_GTCGGCGAGCCAAGGA	0.0	0.0	0.0	2.0409162179907003	1.9527897093009567	2.129042726680444	0.0	0.0	0.0	0.0	0.0	0.0	0.0	0.0	0.0	0.0	0.0	0.0	0.0	0.0	0.0	0.0	0.0	0.0	0.0	0.0	0.0	0.0	0.0	0.0
GCAACCCTGCAACTTC_CAAGGAGGGTACTTCG	0.0	0.0	0.0	0.0	0.0	0.0	0.0	0.0	0.0	0.0	0.0	0.0	0.0	0.0	0.0	0.6043395717593196	0.5786594395078497	0.6300197040107895	0.0	0.0	0.0	0.0	0.0	0.0	0.0	0.0	0.0	0.0	0.0	0.0
CCCGCAGAAAAGTAGC_CGCACCGAATTCCATC	0.0	0.0	0.0	1.573345600650874	1.503610386489975	1.6430808148117728	1.8823711170909407	1.8291126004501999	1.9356296337316816	0.0	0.0	0.0	0.0	0.0	0.0	0.0	0.0	0.0	0.0	0.0	0.0	0.0	0.0	0.0	0.0	0.0	0.0	0.0	0.0	0.0
CCTTGACCTCCGACTA_AAATCTTCCTACGCAA	0.0	0.0	0.0	0.0	0.0	0.0	0.0	0.0	0.0	0.40175898068685323	0.3820844462933401	0.42143351508036636	0.0	0.0	0.0	0.6764830482206249	0.6469603181067967	0.7060057783344531	0.0	0.0	0.0	0.0	0.0	0.0	0.0	0.0	0.0	0.0	0.0	0.0
GTTTAATTTAATCGTG_TCCACTGCTTTAAGTG	0.0	0.0	0.0	0.0	0.0	0.0	0.0	0.0	0.0	0.0	0.0	0.0	0.0	0.0	0.0	0.41872388170344327	0.4068531613397296	0.43059460206715694	0.49475076370814514	0.47591257857115743	0.5135889488451328	-0.22159403553393175	-0.23184269988445028	-0.21134537118341323	-3.103087449964653	-3.2068654670763443	-2.9993094328529617	0.0	0.0	0.0
TGACGGGGCCCCGGTA_CAGGGTGAAGCGCTCG	0.0	0.0	0.0	1.740242728791317	1.6722021727945595	1.8082832847880743	0.0	0.0	0.0	0.0	0.0	0.0	0.0	0.0	0.0	0.0	0.0	0.0	0.0	0.0	0.0	0.0	0.0	0.0	0.0	0.0	0.0	0.0	0.0	0.0
TAGGTCAAATGCGCGA_ACGCCTCGAATGTGTG	0.0	0.0	0.0	2.4144459776445464	2.3067446938251335	2.5221472614639593	0.0	0.0	0.0	0.0	0.0	0.0	0.0	0.0	0.0	0.0	0.0	0.0	0.0	0.0	0.0	0.0	0.0	0.0	0.0	0.0	0.0	0.0	0.0	0.0
ACCCAACAGGTTCAAT_ACCAGAGGAGCGTATT	0.0	0.0	0.0	0.0	0.0	0.0	0.0	0.0	0.0	0.5967268145976776	0.563923372515708	0.6295302566796472	0.0	0.0	0.0	0.0	0.0	0.0	0.0	0.0	0.0	0.0	0.0	0.0	0.0	0.0	0.0	0.0	0.0	0.0
TGCTAAAAAGATCTAG_TGTGTTCAGGGGGCTG	0.0	0.0	0.0	0.0	0.0	0.0	1.2902814928934505	1.2536580304158915	1.3269049553710095	0.19764132829626022	0.18952486446380498	0.20575779212871545	0.3900460857030636	0.37607517289691417	0.404016998509213	0.6318136119062087	0.6240076295571114	0.6396195942553059	0.5871174245397974	0.5603689680728798	0.613865881006715	0.0	0.0	0.0	0.0	0.0	0.0	0.0	0.0	0.0
GAAGCGGTACGGGATT_ACGGCGAGGCGCAGAG	0.0	0.0	0.0	0.9733090754551843	0.9259701191044972	1.0206480318058713	0.0	0.0	0.0	0.0	0.0	0.0	0.0	0.0	0.0	0.0	0.0	0.0	0.0	0.0	0.0	0.0	0.0	0.0	0.0	0.0	0.0	0.0	0.0	0.0
TACCCGATGGCGAAGC_GTTCCAGTCCTTATCA	0.0	0.0	0.0	0.0	0.0	0.0	0.0	0.0	0.0	0.7114750204803806	0.6779914115302612	0.7449586294305	0.0	0.0	0.0	0.0	0.0	0.0	0.0	0.0	0.0	0.0	0.0	0.0	0.0	0.0	0.0	0.0	0.0	0.0
